name,members,male,female,percent
Fatal Sisters,3,0,3,1
Tartarus,6,3,3,0.5
Avengers of the Supernatural,7,6,1,0.142857
Elder Gods ,2,2,0,0
Monster Men,7,5,2,0.285714
Alpha Strike,6,3,2,0.333333
Hidden Ones,1,0,1,1
Black Lantern Corps,273,202,63,0.230769
Kryptonian Guerrilla Biker Gang,1,1,0,0
Century Club,7,7,0,0
Frogs of Central Park,5,2,1,0.2
Caged Angels,6,3,3,0.5
Moondancers,3,0,3,1
Vennema Multiversal,1,0,1,1
Utopia's Security Recon,6,1,5,0.833333
Longbow Hunters,6,6,0,0
Host,5,3,2,0.4
The Chronos Corps,9,7,2,0.222222
Arashikage Clan,7,6,0,0
Earth-2 Parliament,10,4,2,0.2
Czarnians,4,1,3,0.75
The Crimson Pirates,4,3,1,0.25
Twi'leks,1,0,1,1
Proemial Gods,6,4,2,0.333333
Captains of Industry,6,4,2,0.333333
Atomic Knights,8,7,1,0.125
St. Canard Police Department,1,1,0,0
Newsboy Army,9,7,2,0.222222
Blanco Brothers,1,1,0,0
Slingers,5,4,1,0.2
Super Hero Squad,14,10,4,0.285714
Steel Skulls,1,1,0,0
Minotaurs,6,5,1,0.166667
Alpha Gen Soviet Super Soldiers,6,5,1,0.166667
Strikeforce X,1,1,0,0
Sisterhood of the Wasps,2,2,0,0
X-Treme X-Men,7,4,3,0.428571
3-Peace,3,2,1,0.333333
R.E.B.E.L.S.,21,14,7,0.333333
United States Congress,3,3,0,0
Marabunta,1,0,1,1
Orange Lantern Corps,21,15,4,0.190476
Legion of Super-Heroes,95,56,36,0.378947
Bohrok-Kal,6,0,0,0
Team Turmoil,5,2,2,0.4
Adventure Team ,1,1,0,0
Raiders,1,1,0,0
Megans,2,0,0,0
We Are Robin,11,8,3,0.272727
Jinn,6,5,1,0.166667
London Legion of Superheroes,4,2,2,0.5
Hounds,12,8,4,0.333333
Dard'van,10,5,4,0.4
Reavers,16,12,4,0.25
House Citrine,3,1,2,0.666667
Drug Enforcement Administration,4,3,1,0.25
The Talons,19,18,1,0.052632
The Night People,3,3,0,0
Secret Seven,10,5,5,0.5
Force Warriors,5,2,3,0.6
GothCorp,2,2,0,0
Masters of Silence,4,3,1,0.25
Secret Defenders,21,17,4,0.190476
Starfire Crew,4,2,2,0.5
Ascension ,1,1,0,0
SublimeCorp,10,6,4,0.4
Triumph Division,6,5,1,0.166667
Stane International,4,3,1,0.25
The Rithm,3,1,1,0.333333
Techno-Wizards,6,4,2,0.333333
Secret Empire,36,29,5,0.138889
Wanderers,33,23,10,0.30303
Cadre,32,22,10,0.3125
Banana Splits,4,4,0,0
Vulturions,4,4,0,0
Cale-Anderson Pharmaceuticals,2,0,2,1
The Landlubbers,3,2,1,0.333333
Bajorans,2,0,2,1
Mayan Gods,3,2,1,0.333333
X-Men,303,171,128,0.422442
Parker Industries,20,12,7,0.35
Midnight Wreckers,7,5,2,0.285714
Hive Reich,1,1,0,0
Action Pack,3,2,1,0.333333
All-Winners Squad,9,7,2,0.222222
Keystone City Police Department,3,3,0,0
Knights of the Broken Table,8,7,0,0
Strikeforce Europa,5,2,3,0.6
Heavy Hitters,6,4,2,0.333333
The Omega Clan,3,2,1,0.333333
The Peacekeepers,1,1,0,0
Pax Galactica,3,2,1,0.333333
Ferengi,1,1,0,0
Fall People,8,4,4,0.5
Brainiac Club,10,7,2,0.2
Holliday Girls,20,0,20,1
Omega Core,5,4,1,0.2
The Joker League of Anarchy,12,6,5,0.416667
Scotland Yard,6,5,1,0.166667
Jahrmarkt,7,3,3,0.428571
Avatars of Templar,1,1,0,0
X-Ranch,3,0,3,1
Six Pack,14,9,5,0.357143
Sirens,2,0,2,1
Stepford Cuckoos,5,0,5,1
Karate Kommandos,1,0,1,1
Justice Incarnate,9,7,2,0.222222
Super Friends,29,22,7,0.241379
Serpent Cartel,6,6,0,0
The Aristocrats,3,2,1,0.333333
Justice League International,62,45,16,0.258065
Parliament of Waves,1,0,1,1
Null and Void,2,2,0,0
Ultravisions,1,1,0,0
Shaper's Guild,1,1,0,0
Gotham Academy Student Body,17,8,9,0.529412
F.A.C.T.,4,2,2,0.5
Deathstroke's Pirate Crew,12,11,1,0.083333
Twisted Sisters,5,0,5,1
Deadites,1,1,0,0
Kree Public Accuser Corps,3,2,1,0.333333
Vampires,139,90,48,0.345324
Lighter Than Air Society,4,4,0,0
S.T.E.A.L.T.H.,1,0,1,1
Brute Force,13,10,2,0.153846
Ku Klux Klan,1,0,0,0
Church of Gort,1,0,1,1
W.C.A.,6,3,3,0.5
Sword,5,4,1,0.2
Bizarro Legion of Super-Heroes,1,1,0,0
UNSC,19,12,5,0.263158
Latverian School of Science,6,4,2,0.333333
Corporation,26,19,7,0.269231
Freedom Force,18,12,6,0.333333
Posse,16,10,5,0.3125
Quinntets,7,5,2,0.285714
Doomslayers,7,5,2,0.285714
Endless Summers,1,1,0,0
Futurist Militia,4,3,1,0.25
The Sith,5,4,1,0.2
National Security Council,11,8,3,0.272727
Bang Babies,4,3,1,0.25
The Blockbuster Gang,16,13,3,0.1875
Excelsior Crew,3,1,2,0.666667
Justicia,4,3,1,0.25
Quists,4,2,1,0.25
Future Foundation,32,20,10,0.3125
Phoenix,1,1,0,0
Adze Vampires,1,0,1,1
Hunters Three,2,2,0,0
Web Warriors,12,6,6,0.5
Canadian Forces,1,1,0,0
Sons of Liberty,3,3,0,0
Justifiers,10,6,4,0.4
Justice League of America,141,98,42,0.297872
Sweat Shop,1,1,0,0
Nuclear People,3,3,0,0
The Superchix,2,0,2,1
Guild of Independents,6,1,3,0.5
"Animators, Inc.",8,6,2,0.25
Tribe of the Moon,5,3,2,0.4
The Grigori,2,1,0,0
Justice League of China,5,2,2,0.4
Serval Industries,11,6,5,0.454545
Enterprise Crew,20,10,10,0.5
The Order of Light,2,2,0,0
Warheads,15,10,5,0.333333
Suburban She-Devils,4,0,4,1
Tribe of Fire,2,1,1,0.5
Slaves of Kral,2,1,0,0
Midnight Sons,16,12,3,0.1875
Counter-Force,5,4,1,0.2
H.A.M.M.E.R.,31,23,8,0.258065
Etreans,1,0,1,1
Dark Avengers,17,14,3,0.176471
Quons,2,1,1,0.5
The Street Arabs,7,5,2,0.285714
Bizarro JLA,18,14,4,0.222222
Scorpius,3,3,0,0
Hunger Dogs,7,6,1,0.142857
Run-Offs,7,4,3,0.428571
Dark Council,6,5,1,0.166667
Wai-Go Industries,1,1,0,0
Order of the Glorious End,3,1,2,0.666667
The Brotherhood of the Shadow,5,4,1,0.2
Tracksuit Mafia,2,2,0,0
Gnucci Family,8,7,1,0.125
Knights of Pendragon,8,4,3,0.375
Brides of Dracula,4,0,4,1
Concordance Research ,3,3,0,0
Provisional Irish Republican Army,2,1,1,0.5
Silent Ones,2,2,0,0
Hunter's Hellcats,7,6,1,0.142857
Lava Men,7,7,0,0
Sons of Batman,2,2,0,0
Arachnids,1,1,0,0
Nhu’Ghari,1,0,1,1
Sh'pilkuzzians,1,1,0,0
Venom Task Force,6,4,2,0.333333
Alien Legion,3,1,0,0
Syndicate,11,6,5,0.454545
Doom Maidens,19,0,19,1
Acolytes,46,32,14,0.304348
The Misfits,3,3,0,0
Brand Corporation,22,17,5,0.227273
Die Faust Der Kain,4,2,2,0.5
New Genix,5,2,2,0.4
Legion of Vengeance,4,3,1,0.25
Ravagers,13,8,5,0.384615
Wakandan Military,12,7,5,0.416667
LMDs,26,17,9,0.346154
Mercs,5,3,2,0.4
U. S. S. Defiant Crew,7,5,2,0.285714
Hyperclan,8,6,2,0.25
League of Shadows,8,6,2,0.25
Wildebeest Society,4,3,1,0.25
Rannians,9,6,3,0.333333
Chaste,10,5,1,0.1
Galactic Alliance of Spider-Men,7,7,0,0
Terror Twins,2,1,1,0.5
Dexter's Group,34,24,10,0.294118
Internal Revenue Service,1,1,0,0
Black Cabinet,6,4,2,0.333333
Gotham Gazette,5,4,1,0.2
Shadow-Force,6,4,2,0.333333
Confederacy of Dunces,3,3,0,0
The Shadow Initiative,25,21,4,0.16
Rainbow Raiders,7,4,3,0.428571
The Babe Squad,3,0,3,1
The 198,27,17,10,0.37037
Kings of the Sun,1,1,0,0
Brethren of the Blue Fist,2,1,1,0.5
Trellions,2,1,1,0.5
International Justice Legion Wanna-Bes,1,0,1,1
Gang of Harleys,8,1,7,0.875
Agents of W.O.N.D.E.R.,5,5,0,0
Royal Canadian Mounted Police,7,6,1,0.142857
Death Throws,7,5,2,0.285714
Three Sisters,3,0,3,1
Humanites,4,3,1,0.25
WildC.A.T.s,9,6,3,0.333333
Terror Titans,6,3,3,0.5
Average Joes,3,3,0,0
S.T.R.I.K.E.,7,5,2,0.285714
New Bloods,32,24,8,0.25
Super Sons,4,4,0,0
Destructors,8,0,0,0
North Atlantic Treaty Organization,4,3,1,0.25
Akua,5,3,1,0.2
Quantum Banders,4,3,0,0
Q7 Strike Force,6,3,2,0.333333
Brooklyn Badgers,1,1,0,0
Banari,3,0,2,0.666667
Sisters of Sin,9,1,8,0.888889
Bellatrix Bombers,4,0,4,1
Project Cadmus,54,41,12,0.222222
The Superman Rescue Squad,4,3,1,0.25
Team Red,2,2,0,0
Wetworks,4,2,2,0.5
Church of Humanity,3,2,0,0
Republican Guard,5,4,1,0.2
Iron Mask Gang,6,6,0,0
Sivana Family,5,2,3,0.6
New Republic,17,12,4,0.235294
The Winged Ones,1,1,0,0
Brotherhood,11,7,3,0.272727
O'Day & Simeon Detective Agency,2,1,1,0.5
Brooklyn Bruisers ,5,0,5,1
Double Dragons,2,2,0,0
Awesome Threesome,3,3,0,0
Arkham Asylum Staff,23,17,6,0.26087
The Black Musketeers,2,1,1,0.5
Buzzard People,1,1,0,0
Hauk'ka,3,2,1,0.333333
Department K,4,4,0,0
Department H,19,17,1,0.052632
Metallik,5,0,5,1
Time Foes,4,4,0,0
Web Hosts,1,0,1,1
First Strike,9,6,3,0.333333
The Great Wheel,10,10,0,0
The Elite,12,6,6,0.5
Justice League of Aliens,7,6,1,0.142857
The Sureen,1,1,0,0
O.S.S.,10,8,2,0.2
S.H.I.E.L.D. Super-Agents,9,5,4,0.444444
Batmen of All Nations,14,13,1,0.071429
Mummudrai,2,0,1,0.5
Hero Hotline,10,7,3,0.3
G'odd's Mercenaries,6,5,1,0.166667
Kent Family,34,22,12,0.352941
Futurians,9,6,3,0.333333
Bloodlines Parasites,8,4,3,0.375
Uncanny Amazers,10,5,5,0.5
British Army,3,2,1,0.333333
The Black Hand,1,1,0,0
Halo Corporation,2,2,0,0
Superbuddies,10,7,3,0.3
Guardsmen,13,12,1,0.076923
The Pan-Asian School for the Unusually Gifted,5,3,2,0.4
Justice League Task Force,29,18,10,0.344828
Coda,2,1,1,0.5
Spectral Services,4,2,2,0.5
X-Punks,4,3,1,0.25
The New Musicians,1,1,0,0
Lords and Agents of Chaos,16,13,2,0.125
Aquaman and Aqualad,3,3,0,0
Power Rangers,1,1,0,0
Avengers Infinity,8,5,3,0.375
Eco-Villains,7,6,1,0.142857
Furies,10,0,10,1
Ghost Dragons,5,4,1,0.2
Disposables,5,4,1,0.2
Hellfire Academy,22,16,6,0.272727
Grundymen,1,1,0,0
X-Treme Sanctions Executive,12,5,7,0.583333
H'San Natall,9,5,4,0.444444
Trenchcoat Brigade,4,4,0,0
SHIELD 2099,7,4,1,0.142857
Angels,25,17,8,0.32
H.A.T.E,1,1,0,0
New Modernist Army,1,1,0,0
Old Gods,7,5,1,0.142857
Fem-Force,1,0,1,1
A-Force,58,1,57,0.982759
S.H.A.D.E.,45,32,11,0.244444
Abrahamic Deities,1,1,0,0
Weapon Plus,29,26,3,0.103448
13th Atlantean Sleeper Cell,2,2,0,0
The Hellfire Cult,2,1,1,0.5
Justice Riders,17,15,2,0.117647
Lion-People,1,1,0,0
The Slaughter Squad,8,6,2,0.25
Upstarts,11,8,3,0.272727
X-Saviours,4,3,1,0.25
The Ranzz Family,7,4,2,0.285714
Zabraks,2,2,0,0
Faltine,3,2,1,0.333333
Linear Men,6,5,1,0.166667
Vanguard,12,6,5,0.416667
The Killers Elite,6,4,2,0.333333
Guardians,6,5,1,0.166667
Zodiac,62,46,16,0.258065
Pentacle,6,4,2,0.333333
Warskrulls,1,1,0,0
V.E.N.O.M.,2,2,0,0
Cartel,5,5,0,0
Guardian Spirits,8,6,2,0.25
Demon's Fist,6,4,2,0.333333
Bruno's Gang,3,2,1,0.333333
The Neuronauts,2,2,0,0
Young All-Stars,11,8,3,0.272727
Clockwatchers,5,3,1,0.2
Tridents,3,2,1,0.333333
Planet Global Network,3,1,2,0.666667
United Federation of Planets,85,44,41,0.482353
New Men,50,36,9,0.18
Godzilla Squad,8,7,1,0.125
Empire of Tears,5,2,1,0.2
Singularity Investigations,4,4,0,0
Los Angeles Dodgers,1,1,0,0
Jovians,2,2,0,0
Sheeda,10,6,3,0.3
Easy X Gang,2,2,0,0
I.O.,4,3,1,0.25
Amatsu-Kami,2,1,1,0.5
Great Frog,2,2,0,0
The Black Hole Sons,1,0,0,0
Underworlders,4,3,1,0.25
The Damocles Foundation,10,7,3,0.3
Xandarians,10,7,2,0.2
Zithertech,1,0,1,1
Hellbent,12,7,4,0.333333
Attilan Royal Family,16,10,6,0.375
Angels of Death,3,3,0,0
S.H.I.E.L.D.,331,230,99,0.299094
Kravinoff family,9,6,3,0.333333
Branx,2,2,0,0
Monarch's Army,17,10,7,0.411765
Synthia,1,0,1,1
Oblivion Front,1,0,1,1
Timebreakers,1,1,0,0
Sons of the Scarab,1,1,0,0
Strike Force Kobra,11,3,8,0.727273
TRS-80 Computer Whiz Kids,2,1,1,0.5
Gil'Dishpan,4,2,0,0
Spaceknights,29,20,6,0.206897
The Hybrid,8,5,3,0.375
X,4,2,2,0.5
Luminals,10,5,4,0.4
Yancy Street Gang,11,11,0,0
Maelstrom's Minions,3,3,0,0
Lethal Legion,29,27,2,0.068966
Betazoids,1,0,1,1
Starcore,3,2,1,0.333333
Animaniacs,12,7,5,0.416667
Starblasters,11,9,1,0.090909
Sons of Trigon,10,9,1,0.1
All Caste,4,2,2,0.5
Dark Nemesis,5,3,2,0.4
Knowhere Corps,5,3,2,0.4
Time Masters,14,11,2,0.142857
Salem's Seven,9,6,3,0.333333
Legion of Losers,4,4,0,0
Bird Scouts,8,4,4,0.5
The Gang,5,2,2,0.4
S.P.E.A.R.,1,1,0,0
Blood Soldiers,1,1,0,0
Legion of the Night,6,3,3,0.5
The Ghost Team,4,3,1,0.25
Mystery Analysts,24,21,3,0.125
DDTeens,7,5,2,0.285714
Justice League Dark,23,16,7,0.304348
Man-Apes ,1,1,0,0
Cult of the Unwritten Book,8,7,0,0
Gruesomes Family,4,3,1,0.25
Defenders Of The Earth,2,1,1,0.5
Republic of Tomorrow,1,1,0,0
Argent,3,3,0,0
Earth Force,3,2,1,0.333333
Cosmic Commandos,9,4,3,0.333333
Liberators,10,8,2,0.2
Fear Lords,7,4,1,0.142857
Triumvirate of Terror,3,3,0,0
Peoples Defence Force,4,3,1,0.25
Shadow Demons,1,1,0,0
Mon Calamari,1,1,0,0
United States Postal Service,1,1,0,0
Hunter of Monster Special Force,2,2,0,0
Gamma Corps,8,4,4,0.5
Hot Wheels Racing Team,6,4,2,0.333333
The Ruined,5,3,1,0.2
Olympus Corporation,5,4,1,0.2
Kosmosians,1,0,0,0
Replicants,3,1,2,0.666667
Shadow Cabinet,7,4,3,0.428571
Circuits Maximus,4,3,1,0.25
Section Omega,3,3,0,0
Superman Squad,8,6,2,0.25
Iotians,2,2,0,0
Suicide Squad,205,150,55,0.268293
Black Dragon Society,3,2,1,0.333333
Institute of Evil,8,5,3,0.375
Deviants,53,36,11,0.207547
Xen,11,6,5,0.454545
Battleforce 2000,2,2,0,0
Star Sapphire Corps,19,2,17,0.894737
L.A.W.,7,6,1,0.142857
Titans of Monster Planet,3,0,0,0
Ninth Circle,5,3,2,0.4
Progeny,1,1,0,0
The Fast Five,6,4,2,0.333333
Power Pachyderms,4,3,1,0.25
Cosmic Avengers,8,7,1,0.125
Blackbodies,3,1,0,0
The Imperfects,8,4,4,0.5
Old Justice,7,5,2,0.285714
Cat & Mouse,2,0,2,1
Convocation of Wizards,5,5,0,0
Justice Lords,7,5,2,0.285714
Force Elite,2,2,0,0
Subterranosauri,2,2,0,0
Force Four,4,3,1,0.25
Fomalhauti,4,2,0,0
Wrecking Crew,6,5,1,0.166667
Dreamland gang,5,3,2,0.4
Nova Corps,48,32,13,0.270833
Thought Police,4,3,1,0.25
Dominus' Minions,4,1,1,0.25
D'Bari,1,1,0,0
Global Peace Agency,6,4,2,0.333333
Loophole's Gang,2,1,1,0.5
Crane Daughters,1,0,1,1
Birds of Prey,31,7,24,0.774194
Junkions,1,1,0,0
Omega Men,31,14,12,0.387097
X-People,9,4,5,0.555556
Six Big Men,8,7,1,0.125
Werecats,13,4,9,0.692308
Evil Warriors,24,23,1,0.041667
Gotham City Sirens,3,0,3,1
"Kickers, Inc.",5,4,1,0.2
The Cavalry,5,3,2,0.4
M.S.E.,9,6,3,0.333333
T.O.Morrow's Androids,5,3,2,0.4
Psigns of the Times,4,3,1,0.25
Psyba-Rats,4,3,1,0.25
Channel 52,5,3,2,0.4
The Derangers,6,3,3,0.5
Gumm Corps,1,1,0,0
N-Men,8,3,3,0.375
Group Epsilon,2,2,0,0
The Third Army,2,1,1,0.5
The Three Witches,3,0,3,1
Acanti,1,1,0,0
Giant-Woman Squad,1,0,1,1
Phalanx,13,12,1,0.076923
Dragon Circle,9,5,4,0.444444
Crusaders,9,8,1,0.111111
House Onyx,1,1,0,0
The Guild,2,2,0,0
Alpha Primitives,2,1,0,0
The Circus Inmates,7,4,3,0.428571
Espionage Elite,7,7,0,0
Rand Corporation,8,7,1,0.125
I.D.I.C.,4,3,1,0.25
United States Department of Justice,1,1,0,0
War D.O.G.S.,12,11,1,0.083333
Mandarin's Operatives,15,12,2,0.133333
Peristrike Force,5,3,2,0.4
New Avengers,33,22,11,0.333333
Xavier's Underground Enforcers,5,3,2,0.4
Utgar's Army,1,1,0,0
Taurus Gang,7,5,2,0.285714
Doombots,7,6,1,0.142857
Dinosaurs,5,4,0,0
Super Foes,10,6,4,0.4
The People of the Green Hills,1,0,0,0
Animal People,10,8,2,0.2
Blutsauger,5,4,1,0.2
Dark Circle,4,3,1,0.25
Iron Rule,3,2,1,0.333333
Mighty Crusaders,5,3,2,0.4
Godwatch,5,0,5,1
Cyber Nostra,6,5,0,0
Venusian Mindworms,1,1,0,0
Herculoids,8,3,1,0.125
Clan Rebellion,6,5,1,0.166667
Global Guardians,33,19,14,0.424242
Brotherhood of Dada,10,6,3,0.3
Assembly of Evil,8,5,2,0.25
Builders,6,3,2,0.333333
Marvel Werewolves,3,3,0,0
Secret Warriors,31,22,9,0.290323
Action Force,3,2,1,0.333333
Muir Island X-Men,12,6,6,0.5
Praetorians,4,3,1,0.25
Dog Pound,3,3,0,0
Skeleton Legion,5,4,1,0.2
W.G.B.S. Employees,26,19,7,0.269231
Neyaphem,10,7,3,0.3
Plumbers,7,4,3,0.428571
Vigilance,2,1,1,0.5
Pet Club,31,17,12,0.387097
Ghost Crew,6,3,2,0.333333
Dread Dealers,1,1,0,0
Regional Preturnatural Investigation Taskforce,5,4,1,0.2
Thunderiders,10,7,2,0.2
Crayola Cavalry,4,4,0,0
Masters of Menace,5,4,1,0.2
"Hardcases, Inc.",5,3,2,0.4
Halloween Parade,6,5,1,0.166667
Desert Stars,5,4,1,0.2
Cornelius/Kreig,3,3,0,0
The Gentry,8,2,2,0.25
Remont Six,8,6,2,0.25
The Twelve,24,19,4,0.166667
Love Syndicate of Dreamworld,6,5,1,0.166667
Tenga Warriors,1,0,0,0
Snakeroot,11,8,2,0.181818
Sons Of The Tiger,5,4,1,0.2
Champions of Angor,7,5,2,0.285714
Theatre of Pain,4,2,2,0.5
Court of Apokolips,5,5,0,0
Gar,3,2,1,0.333333
X-Babies,20,15,5,0.25
Cosmic Champions,38,29,9,0.236842
Masters of the Universe,38,25,11,0.289474
Korbinites,5,4,1,0.2
Hydro-Men,5,4,1,0.2
Quentin Carnival,12,9,3,0.25
They Who Wield Power,3,3,0,0
Scare Tactics,5,4,1,0.2
"Landau, Luckman, and Lake",15,13,2,0.133333
The Facility,13,9,4,0.307692
H'ylthri,2,2,0,0
Mergence,3,1,1,0.333333
Project: Earth,9,5,3,0.333333
Monsters of Monster Island,7,4,1,0.142857
Carson's Carnival of Travelling Wonders,5,4,1,0.2
Gladiators,14,10,4,0.285714
Starstealth,2,1,0,0
Circle of Four,5,3,2,0.4
Cull Obsidian,6,4,2,0.333333
O-Force,6,4,2,0.333333
Providence,5,4,1,0.2
Fallen Angels,13,8,4,0.307692
Insurgency,38,27,11,0.289474
Space Knights,10,3,5,0.5
Dead Avengers,6,4,2,0.333333
Proteans,4,3,0,0
Gotham City Police Department,113,79,34,0.300885
Robotica,2,0,0,0
Soldiers of Misfortune,9,4,3,0.333333
The New Immortals,5,3,1,0.2
Incubites,2,1,1,0.5
Children of the Vault,14,6,8,0.571429
Monster Generation,8,6,2,0.25
Metropolis Police Department,21,16,5,0.238095
Iron Avengers,9,3,1,0.111111
Project Purgatory,13,9,4,0.307692
System,1,1,0,0
Seven Men of Death,7,6,1,0.142857
Superman Family,34,19,15,0.441176
The Zoo Family,3,3,0,0
The Leymen,9,8,1,0.111111
Stable,5,2,2,0.4
Bene Gesserit,4,1,3,0.75
Sandorr's Hunters,5,3,1,0.2
Scy'ar Tal,1,1,0,0
Secret Disciples of Strange,3,1,2,0.666667
Lepi,1,1,0,0
Little Sister of Eluria,2,0,2,1
Magistrati,1,0,1,1
Black Dragons,1,1,0,0
Blue Team,1,1,0,0
Leprechauns,4,3,1,0.25
Mohruvians,2,2,0,0
Onslaught ,1,1,0,0
Celestials,36,20,3,0.083333
Band of the Bland,5,4,1,0.2
Power Platoon,2,2,0,0
Order of the Stone,1,1,0,0
The Collectors,6,5,1,0.166667
Great Council of Order,2,1,1,0.5
The Insiders,2,1,1,0.5
Geraci Family,2,1,1,0.5
Renegades,12,9,3,0.25
Troll Associates,11,11,0,0
Triads,6,6,0,0
Hysteries,5,0,5,1
The Harvesters,5,4,1,0.2
White Martians,23,17,5,0.217391
Bastards of Evil,6,4,2,0.333333
Legion of the Unliving,46,40,6,0.130435
Diamond Priests,1,1,0,0
Rocket Red Brigade,4,4,0,0
Superfail,1,1,0,0
Slag Brothers,2,2,0,0
Royal Navy,6,4,2,0.333333
The Mercenaries,3,3,0,0
Monster Hunters,5,3,2,0.4
K'aitians,9,5,4,0.444444
"Goodman, Lieber, Kurtzberg & Holliway",13,8,5,0.384615
Justice Alliance of America,10,8,2,0.2
Bombshells,2,0,2,1
Genoshan Mutates,8,3,5,0.625
Blue Lantern Corps,14,9,4,0.285714
Poison,1,0,1,1
League of Extraordinary Villains ,2,2,0,0
Deep Church,4,3,1,0.25
Force of July,6,4,2,0.333333
Probiti,2,2,0,0
Powerline,3,2,1,0.333333
Black Dragon,3,2,1,0.333333
Ultimate Warriors,4,4,0,0
Public Eye,8,7,1,0.125
Federal Bureau of Investigation,59,37,21,0.355932
The Hangmen,5,3,2,0.4
Super Best Friends Forever!,3,0,3,1
The Science Squad,13,11,2,0.153846
Royal Family of Warworld,8,5,3,0.375
O.D.S.T.,4,3,1,0.25
Maroni Family,4,4,0,0
Jetsons Family,6,3,3,0.5
Chosen,4,2,2,0.5
Marvel Family,22,18,4,0.181818
Hotwire Martyrs,2,1,1,0.5
Rancor's Lieutenants,8,4,4,0.5
Young Heroes In Love,9,6,3,0.333333
Psions,2,1,1,0.5
United States Secret Service,6,4,2,0.333333
Valkyrior Steeds,2,1,1,0.5
Arishem's Coup D'etat,5,1,0,0
Daily Globe,8,5,3,0.375
Maria Stark Foundation,7,6,1,0.142857
Justice Arcana,25,18,7,0.28
Galactic Guardians,7,6,1,0.142857
Life Foundation,18,15,2,0.111111
Annihilation Wave,15,12,3,0.2
Zusommin,5,3,2,0.4
Apex League,6,4,2,0.333333
S.T.A.R. Labs,55,39,16,0.290909
Osborn Industries,7,7,0,0
S.T.A.R.S.,5,2,3,0.6
Mucous Membrane,3,2,1,0.333333
System Crash,7,6,1,0.142857
Incan Gods,3,1,2,0.666667
Justicers,2,1,1,0.5
Fellowship of Fear,3,3,0,0
The Headshop,6,5,1,0.166667
Chain Gang,4,4,0,0
The Nail,5,0,5,1
Elastic Four,4,4,0,0
Hunt Squad,5,4,1,0.2
Enforcers,11,11,0,0
Satan's Saints,2,2,0,0
Nihilistic Order,3,3,0,0
Red Right Hand,1,1,0,0
Si-Cy-Sue Force,2,1,1,0.5
Mummies,2,2,0,0
Cannon and Saber,2,2,0,0
Enterprise D crew,7,2,5,0.714286
Gamma Spores,2,2,0,0
Sea Devils,10,7,3,0.3
Lords of the Splinter Realms,22,13,3,0.136364
X-Nation 2099,9,5,4,0.444444
Technarchy,13,10,0,0
The Burners,4,3,1,0.25
Victim Syndicate,5,2,2,0.4
Ani-Mates,1,1,0,0
Omnisapient Systems,3,2,1,0.333333
Avengers Crew,32,18,14,0.4375
Magic Secret Action Squad,8,2,5,0.625
Green Lantern Corps,368,263,78,0.211957
Rocketeers,1,1,0,0
Anti-Superman Army,8,6,1,0.125
Cabal,24,21,3,0.125
Daemonites,7,5,2,0.285714
Empirikul,2,1,1,0.5
Air Force,5,3,2,0.4
Justice League Antarctica,7,7,0,0
Lirins,2,2,0,0
Elders of the Universe,16,12,4,0.25
Stormwatch,38,26,12,0.315789
United States Special Forces,15,12,3,0.2
Fake Crimson Avenger Gang,2,2,0,0
Headmen,5,4,1,0.2
Green Martians,28,19,9,0.321429
Outlaws,16,12,4,0.25
Mud Pack,4,3,1,0.25
Fang Gang,6,5,1,0.166667
Silver Skyriders,12,8,2,0.166667
N.O.W.H.E.R.E.,25,18,7,0.28
Three Beauties,3,2,1,0.333333
Pride,19,11,8,0.421053
Shosei Order,1,0,1,1
Centaurs,13,9,3,0.230769
R.A.I.D.,4,3,1,0.25
Brigade of Realms,2,2,0,0
"Bureau of Alcohol, Tobacco, Firearms and Explosives",3,2,1,0.333333
Gor-Tokian Subterraneans,6,4,2,0.333333
Mandalorian Protectors,1,1,0,0
Dreambound,8,6,2,0.25
Enchanters,4,4,0,0
Berzerkers,7,6,1,0.142857
Celtic Gods,4,3,1,0.25
Lotusland Productions,7,4,3,0.428571
Trills,2,0,2,1
League of the Challenger-Haters,5,3,1,0.2
"Mystery, Inc.",6,4,2,0.333333
Uhari,4,3,1,0.25
Tornado Twins,2,1,1,0.5
Three Ghosts of Batman,3,3,0,0
Runaways,21,8,12,0.571429
Chagrians,1,1,0,0
A.R.G.U.S.,43,26,17,0.395349
Academy of the Bat,2,2,0,0
Rogue Squadron,1,1,0,0
Revengers,6,3,2,0.333333
Urban Rangers,4,4,0,0
Men in Black,2,2,0,0
Galaxy Trio,3,2,1,0.333333
Forever Knights,1,1,0,0
Xantha,2,1,0,0
Gods of Parador,4,3,1,0.25
DNAngels,3,0,3,1
Hellions,41,25,16,0.390244
Wolverines,7,4,3,0.428571
Sunrise Society,4,3,1,0.25
Impossible Family,3,2,1,0.333333
Iron Force,6,5,1,0.166667
Gods of Olympus,35,19,16,0.457143
Klarion's Gang,5,3,1,0.2
The Movement,6,2,4,0.666667
A.I.M. High Council,7,5,2,0.285714
Harvesters of Eyes,3,2,1,0.333333
Prime's Titans,9,6,3,0.333333
Themysciran Embassy,10,5,5,0.5
Superior 5,5,4,1,0.2
Elements of Disaster,4,1,2,0.5
Avant Guard,3,2,1,0.333333
True Believers,4,2,2,0.5
Supermen of the Multiverse,22,21,1,0.045455
Cult of Kalumai,2,2,0,0
Uranians,8,6,2,0.25
Killraven's Freemen,8,5,2,0.25
Doctor Doom's Generals,6,3,3,0.5
Stormtroopers,1,1,0,0
D.E.O.,24,14,10,0.416667
Abramovici Twins,2,2,0,0
Circus of Maggots,2,2,0,0
Stalkers,5,4,0,0
Tenger,4,3,1,0.25
Venturans,1,1,0,0
Monster Society of Evil,20,18,2,0.1
Hearts of Darkness,3,3,0,0
KDRA,8,2,1,0.125
Injustice League,96,76,19,0.197917
Star Rovers,3,2,1,0.333333
Siren Sect,1,0,1,1
Coven Of Three,3,1,2,0.666667
The Lab,8,7,1,0.125
Codename: Spitfire,4,2,2,0.5
Bajoran Militia,2,1,1,0.5
Fire Trolls,2,2,0,0
Jabba The Hutt's Gang,4,4,0,0
Vizier's Guard,10,6,4,0.4
Underground Men,1,1,0,0
Blüdhaven Police Department,4,3,1,0.25
Falcone Family,13,7,6,0.461538
Office Of Insufficient Evidence,1,1,0,0
Zaterran,1,1,0,0
Saur-Lords,1,1,0,0
Dragons Of The Crimson Dawn,3,2,1,0.333333
The Network,27,11,16,0.592593
Apocalypse´s Bounty Hunters,3,2,1,0.333333
The Children,1,1,0,0
Mangals,1,1,0,0
Decepticons,3,3,0,0
Eden Corps,2,1,1,0.5
Triune Understanding,5,5,0,0
The Deluge,1,1,0,0
Zenn-Lavians,15,9,6,0.4
Skynet,1,1,0,0
Aryan Brigade,8,6,2,0.25
Skratch,1,1,0,0
Hateful Hexad,6,5,1,0.166667
Confederate Army,4,4,0,0
Deathforce: Morituri,3,3,0,0
S-Men,9,7,2,0.222222
Tektos,6,4,2,0.333333
Riddler Family,4,2,2,0.5
Crimson Nova,1,0,1,1
The Strangers Prisoners,44,34,5,0.113636
Starfleet,66,34,32,0.484848
The Huns,1,1,0,0
The X.Y.Z. Gang,2,2,0,0
Bertinelli Mob,6,5,1,0.166667
Warbound,14,7,5,0.357143
Super-Slaves,7,6,1,0.142857
Justice Legion Alpha,9,8,1,0.111111
The Black Watch,5,4,1,0.2
Lightning Lords,1,0,1,1
Wayne Enterprises,18,10,8,0.444444
N.E.M.O,6,5,1,0.166667
Holy Guard,35,22,13,0.371429
Darkseid's Elite,31,21,9,0.290323
Superman/Batman,10,10,0,0
Weapon X Program,62,44,16,0.258065
Interpol,5,2,3,0.6
The Wonderland Gang,8,6,2,0.25
Midnight Shift,7,4,3,0.428571
The Revengers,9,9,0,0
Ape Lords,5,4,1,0.2
Atom's Family,6,4,2,0.333333
Gray Agents,1,1,0,0
Crime Council,3,1,2,0.666667
LexCorp,11,6,5,0.454545
Bizarro League,10,7,3,0.3
Order of St. George,7,6,1,0.142857
Lilin,24,15,3,0.125
Justice League of Atlantis,7,4,3,0.428571
Fake Green Lantern Corp,8,5,3,0.375
Shadows,5,4,1,0.2
Morlocks,74,43,28,0.378378
Vuldarians,2,2,0,0
Free Radicals,4,2,2,0.5
Legion Accursed,31,28,3,0.096774
Gen 13,7,4,3,0.428571
Scooby Doobies,10,7,3,0.3
Killer-Folk,4,3,1,0.25
The Wyrd Sisters,3,0,3,1
Fisk Industries,38,33,5,0.131579
Satan Squad,3,3,0,0
Yorg,1,0,1,1
Zeltrons,2,0,2,1
W.H.O.,4,2,2,0.5
Arcadians,4,4,0,0
Acolytes of Zoom,6,4,2,0.333333
The Committee,3,3,0,0
N.L.A.S.,2,1,1,0.5
B-Sides,4,3,1,0.25
Ex Nihili,3,2,1,0.333333
The Jawbreakers,2,0,2,1
Aqualish,1,1,0,0
Justice Titans,13,7,6,0.461538
Four Musketeers,4,4,0,0
Shadow Warriors,1,1,0,0
Titans of Tomorrow,27,11,15,0.555556
Technosapiens,7,5,2,0.285714
Road Disciples,1,0,0,0
Humanoids,2,2,0,0
Ungarans,3,2,1,0.333333
All-Mothers,1,0,1,1
The Circle ,5,3,2,0.4
Lady Killers,2,0,2,1
Avenging Host,6,5,1,0.166667
Men From N.O.W.H.E.R.E.,1,1,0,0
Miagani,7,3,1,0.142857
Blue Hyde Brigade,1,1,0,0
X.S.E.,16,11,5,0.3125
International Ultramarine Corps,14,8,6,0.428571
Graces,7,1,6,0.857143
Les Heroes de Paris,12,10,2,0.166667
Murder Circus,3,2,1,0.333333
Ghost Patrol,3,3,0,0
Native Americans,33,18,15,0.454545
Fantastic Four,47,26,20,0.425532
Family Dynamic,2,2,0,0
Avengers Resistance,12,7,5,0.416667
Angel Mob,3,2,1,0.333333
The Children Of The Sun,1,0,1,1
L.A. Locusts,2,1,1,0.5
Breakers,2,2,0,0
Dragon-Kings,2,2,0,0
Acroyears,1,1,0,0
B.E.S.T.,6,4,2,0.333333
Sukesada Clan,1,1,0,0
Super Young Team,5,3,2,0.4
Genetix,5,3,2,0.4
Magma Men,2,1,1,0.5
Cortex Incorporated,4,3,1,0.25
Padawan Pack,1,1,0,0
Team Quest,6,5,1,0.166667
Starjammers,19,11,6,0.315789
Sandstormers,3,3,0,0
Teen Brigade,11,9,2,0.181818
Liberteens,7,3,3,0.428571
Trade Federation,1,0,0,0
Academy X,27,11,16,0.592593
Doom Force,1,0,1,1
Underground Legion,9,4,4,0.444444
Little Tiny Titans,4,3,1,0.25
Merry Men,2,2,0,0
Justice League of the Air,8,6,2,0.25
Batman Inc.,43,27,16,0.372093
GALCOM,1,0,0,0
Elementals,4,1,3,0.75
The Martyr Militia,19,8,11,0.578947
European Defense Initiative,9,8,0,0
The Renegades,6,6,0,0
Geomancers of the Kaleidoscape,2,1,1,0.5
Godpack,10,7,2,0.2
Dryads,7,3,4,0.571429
Annihilators,8,7,1,0.125
Captain Britain Corps,44,28,16,0.363636
Super-Malon,8,7,1,0.125
Battleworld Avengers,5,3,2,0.4
Homo Magi,15,9,6,0.4
Splicers,3,3,0,0
The Light,7,6,1,0.142857
Dracula Hunters,7,6,1,0.142857
Dark Riders,14,13,1,0.071429
Darkhold Redeemers,5,3,2,0.4
Knights of the Round Table,7,6,1,0.142857
Rigellians,12,6,5,0.416667
Teen Titans West,15,10,5,0.333333
Brotherhood of the Eternal Night,2,1,1,0.5
Communists,63,52,10,0.15873
Phoenix Five,5,3,1,0.2
Secret Society of Super Villains,313,244,66,0.210863
Innocents of God,1,1,0,0
Continuum Staff,5,4,1,0.2
Split-Second Squad,7,7,0,0
Agents of Atlas,11,8,2,0.181818
Super Soldiers,8,6,2,0.25
Dragons,17,9,5,0.294118
The Pack,6,5,1,0.166667
The Lawless,5,3,2,0.4
WCW,1,1,0,0
Dial H for Hero,20,12,8,0.4
Outcasts (Subterranea),6,3,2,0.333333
Titans of Myth,5,3,2,0.4
Jordan Family,13,7,6,0.461538
Villains For Hire,6,4,2,0.333333
Green Team,8,6,2,0.25
Gruesome Twosome,2,2,0,0
New Pride,5,4,1,0.2
The Vanguard,2,2,0,0
Storm's squad,2,1,1,0.5
Challengers Of Doom,4,3,1,0.25
Leatherneck Raiders,7,7,0,0
Death Squad,5,3,2,0.4
Initiative Staff,15,11,4,0.266667
Coven,2,2,0,0
U-Men,11,8,2,0.181818
X-Factor,41,27,14,0.341463
Contingency,5,4,1,0.2
Thor Corps,28,16,11,0.392857
The Charter,5,3,2,0.4
Glx,1,1,0,0
Order of St. Dumas,10,8,1,0.1
Wolfpack,12,9,3,0.25
Kallusians,1,1,0,0
Terror Firma,3,2,1,0.333333
The Lucky Seven,8,6,2,0.25
Nymphs,2,0,2,1
Sons of the Batman,4,3,1,0.25
Stonians,3,3,0,0
Promise,8,6,2,0.25
Unkillables,10,8,2,0.2
"Justice, Inc.",4,3,1,0.25
Murder of Crows,6,6,0,0
Knights of the Moon,3,1,2,0.666667
Grans,1,1,0,0
Serpent Squad,20,13,7,0.35
The New Breed,17,8,9,0.529412
Congregation of Finality,7,5,1,0.142857
Helix,8,4,4,0.5
Starfire's Rebel Army,3,2,1,0.333333
The Seven Friendless,5,2,2,0.4
Jedi Order,12,8,4,0.333333
New Olympians,7,5,2,0.285714
Spider-Girls,3,0,3,1
Terrifics,4,3,1,0.25
Dark Elves,10,5,5,0.5
The-Not-Ready-For-Prime-Time-Players,1,0,1,1
Outworlder,6,5,0,0
Deadpool Corps,11,10,1,0.090909
The God Watchers,1,1,0,0
Stars and Stripes,19,14,5,0.263158
Lords and Agents of Order,25,15,7,0.28
Rubble Family,3,2,1,0.333333
The Recombatants,4,2,2,0.5
Warpies,25,20,3,0.12
D.P.7,10,5,5,0.5
Ice Pack,6,4,2,0.333333
Gardners of the Universe,5,5,0,0
Bon Temps Rulers,4,3,1,0.25
Wacky Racers,23,22,1,0.043478
Covenant of Ka,1,0,1,1
Dark X-Men,9,6,3,0.333333
Gorilla Knights,1,1,0,0
Silicon Syndicate,8,8,0,0
Beyonders,4,1,1,0.25
Protectorate,1,1,0,0
Shokan,3,2,1,0.333333
Armed Response,3,2,1,0.333333
X-Ceptionals,7,7,0,0
X-Terminators,13,10,3,0.230769
The Wakandan School of Alternative Studies,4,2,2,0.5
Republican Party,1,1,0,0
Artificial Kidz,1,1,0,0
Keewazi Tribe,6,3,3,0.5
National Front,1,1,0,0
Trash,8,6,1,0.125
Team Arrow,26,16,10,0.384615
Ministry of Science,4,3,1,0.25
Cosmic Strangers,22,17,4,0.181818
Majesdanians,8,5,3,0.375
First Celestial Church of the Triple Fish-God,2,1,0,0
Drift,4,3,1,0.25
WHAM TV Crew,3,2,1,0.333333
WMET-TV,3,2,1,0.333333
Trillians,2,2,0,0
Parliament of Flames,2,1,1,0.5
The Olympians,1,1,0,0
Targoth Troops,2,2,0,0
Daevas,1,0,1,1
Fantastic Five,13,10,3,0.230769
Justice League Europe,20,12,8,0.4
Sakaarans,15,10,4,0.266667
COPS,9,8,1,0.111111
Extremists,14,10,4,0.285714
Troubleshooters,12,8,4,0.333333
National Aeronautics and Space Administration,24,16,8,0.333333
Titanic Three,3,3,0,0
XGF,6,1,5,0.833333
Hybrids,1,0,1,1
G.R.A.M.P.A.,3,1,2,0.666667
The Freaks,3,2,1,0.333333
Oracle Inc.,1,1,0,0
Heroes of Lallor,7,5,2,0.285714
Andorians,3,1,2,0.666667
Brotherhood of the Cold Flame,1,0,1,1
Spyral,18,8,10,0.555556
Hounds of Zod,2,1,1,0.5
Lightning Lords of Nepal,1,1,0,0
Young X-Men,10,6,4,0.4
Lil' Leaguers,1,0,0,0
The Pitriders,1,1,0,0
All-Scar Squadron,5,4,1,0.2
Brood,25,19,6,0.24
Pluvians,1,1,0,0
Fearsome Four,4,3,1,0.25
Boss Enforcement Council,6,3,3,0.5
Star Chamber,3,2,1,0.333333
Republic Senate,3,2,1,0.333333
Wookiees,2,2,0,0
Aliens (Xenomorphs),2,1,0,0
Black Priests,1,1,0,0
Mys-Tech,38,26,12,0.315789
Crime Wave,6,6,0,0
Wehrmacht,1,1,0,0
Infinity Watch,16,13,2,0.125
Van Horn Industries,3,2,1,0.333333
Evil Eight,8,7,1,0.125
Cycle Nurses,1,1,0,0
Jailbreakers,7,6,1,0.142857
Spartans,1,1,0,0
United States Senate,1,1,0,0
Maquis,4,2,2,0.5
Dominant Species,2,2,0,0
United Planets Young Heroes,7,3,4,0.571429
Femme Fatales,4,0,4,1
Division U,1,1,0,0
Metal Men,19,16,3,0.157895
HAV,1,0,1,1
Blood Syndicate,2,1,1,0.5
Nasty Boys,6,6,0,0
San Francisco Police Department,1,0,1,1
Imperial Japanese Army,1,0,1,1
Dragon Tong,2,1,1,0.5
Mighty Avengers,6,4,2,0.333333
Forsaken,10,7,2,0.2
Time-Keepers,6,2,0,0
The Dynasty,5,4,1,0.2
The Universal Church of Immortus,9,8,0,0
Judge and Jury,6,5,0,0
Siris,1,1,0,0
House of Zod,3,2,1,0.333333
Church of Hala,1,1,0,0
Yakiba,1,1,0,0
Mannites,1,0,1,1
Task Force X,7,6,1,0.142857
Army of Insects,4,2,2,0.5
Blight,2,2,0,0
League of Ancients,7,5,2,0.285714
The Reach,9,6,0,0
Sentinel Squad O*N*E,5,4,1,0.2
Klingons,16,14,2,0.125
Circle of Six,6,5,1,0.166667
Hatut Zeraze,4,4,0,0
Haunted Tank Crew,9,8,1,0.111111
Axi-Tun,16,15,1,0.0625
Snarks,4,3,1,0.25
Harriers,10,8,2,0.2
The Conclave,8,6,2,0.25
Pixel,3,1,2,0.666667
327th Star Corps,1,0,1,1
New York Police Department,105,86,19,0.180952
X-Force,50,30,20,0.4
Circus of Crime,36,32,3,0.083333
League of Smiles,4,3,1,0.25
Women Warriors,6,0,6,1
Black Ops,5,4,1,0.2
S.M.A.S.H.,5,4,1,0.2
Advocates,7,5,2,0.285714
The Changers,2,0,2,1
Shadow-X,8,6,2,0.25
Cannibal Catch,4,3,1,0.25
Contraxians,3,2,1,0.333333
Masters of the Mental Arts,1,1,0,0
Villains for Hire,12,8,4,0.333333
Council Of Doom,9,8,1,0.111111
Buzzards,1,1,0,0
The Makers Chosen,4,4,0,0
New Canaanites,8,6,2,0.25
Evil Space Aliens,4,3,0,0
WWE,1,1,0,0
Brilliant Citizens,3,2,1,0.333333
Zefiro Gypsies,13,10,1,0.076923
Punch and Jewelee,2,1,1,0.5
Riot Squad,8,6,2,0.25
Hero Killers,12,10,1,0.083333
The Battalion,2,1,1,0.5
Freak Beat,2,2,0,0
Limelight,2,0,2,1
Newsboy Legion,11,10,1,0.090909
Sun Devils,1,1,0,0
Separatist Droid Army,2,1,0,0
Hellenders,12,9,3,0.25
New Fantastic Four,14,11,3,0.214286
The Command,4,3,1,0.25
Undying Ones,1,1,0,0
Cardinals,1,1,0,0
Zombi Twins,2,1,1,0.5
Queen Industries,17,9,8,0.470588
Weapon X,20,16,4,0.2
Fatal Five,9,5,4,0.444444
The Zapata Brothers,2,2,0,0
Gogoloths,5,5,0,0
Champions,14,9,5,0.357143
Siamese Aerialists,2,2,0,0
Omega Gang,5,4,1,0.2
Detroit Police Department,1,1,0,0
The Rapture,2,1,1,0.5
18th Kree Diplomatic Gestalt,6,3,2,0.333333
The Forgotten,4,4,0,0
Shi'ar Death Commandos,11,7,3,0.272727
Prime Sentinels,10,5,5,0.5
Makluans,3,2,1,0.333333
Marvel Monsters,109,75,2,0.018349
ULTIMATUM,7,6,1,0.142857
Sky Kanga,1,0,1,1
Giants,3,1,2,0.666667
Human Resistance,1,0,1,1
Parliament of Limbs,4,4,0,0
Guardsman Alpha Team,6,4,1,0.166667
Valkyries,4,0,4,1
Batman and Robin,15,9,5,0.333333
K.O.R.D. Incorporated,8,6,2,0.25
Brood Mutants,9,8,1,0.111111
Ducky's Dozen,13,11,2,0.153846
Excalbians,1,0,0,0
Wild Pack,22,19,3,0.136364
Police of Russia,1,1,0,0
Dream Team,5,2,3,0.6
Asgardian Gods,118,69,46,0.389831
The Sinners,6,3,3,0.5
Spartan Guards,1,1,0,0
Ant-Man & Wasp,3,2,1,0.333333
Croatoans,4,3,1,0.25
The Darkest Army,30,20,4,0.133333
Indigo Tribe,13,11,2,0.153846
The Cult of the Cold Flame,8,6,2,0.25
Dr. Nod and the Bod Squad,2,1,1,0.5
Mirror Modeling,1,0,1,1
Hidden,8,6,1,0.125
Chicago Police Department,11,9,2,0.181818
Beta Flight,21,13,8,0.380952
Cobra Soldiers,1,1,0,0
A.I.M.,104,73,27,0.259615
Inner Guard,6,1,1,0.166667
Workforce,16,10,6,0.375
Omega Squadron,7,3,4,0.571429
Sons of The Serpent,19,17,1,0.052632
Thanos' Defenders,6,6,0,0
Sssth,1,1,0,0
Deadly Dozen,35,32,3,0.085714
S.P.I.D.E.R.,3,1,2,0.666667
United Front,19,13,5,0.263158
S.U.R.F.,3,3,0,0
The Quintessence,4,4,0,0
Machine People,1,1,0,0
Loners,12,5,7,0.583333
Society of Superheroes,5,4,1,0.2
Justice Friends,5,5,0,0
Cypress Pool Jokers,1,0,1,1
The Maximums,8,5,2,0.25
Disciples of Doom,4,4,0,0
Royal Air Force,4,4,0,0
T.H.R.U.S.H.,1,0,1,1
The Antitheses,4,3,1,0.25
Infinity Corporation,3,1,2,0.666667
Friends of Humanity,7,7,0,0
Super-Sorority,6,0,6,1
Black Knights,5,5,0,0
The Impossibles,3,3,0,0
Demon Knights,8,4,3,0.375
Four Winds,4,4,0,0
X-Corporation,22,10,12,0.545455
New Mutants,33,17,16,0.484848
Sun-People,2,1,1,0.5
National Force,16,15,1,0.0625
Weapon Minus,1,1,0,0
Justice League of Arkham,8,6,2,0.25
The Chessmen,6,4,1,0.166667
Knights Of The Infinite,6,3,3,0.5
New Rogues,5,4,1,0.2
Xantareans,1,1,0,0
Vikings,18,14,4,0.222222
Church Of Naked Truth,1,1,0,0
Green Globs,1,0,0,0
Midnight Angels,2,0,2,1
Wild Ones,6,6,0,0
Trinity of Sin,3,2,1,0.333333
The Wardogs,1,1,0,0
Bull Host,2,2,0,0
Serpent Solutions,19,11,8,0.421053
Damage Control,26,19,6,0.230769
Human Tribe,5,3,2,0.4
Great Beasts,10,3,1,0.1
Ubermadchen,5,0,5,1
The Select,11,9,1,0.090909
Little Terrors/Tiny Terror Titans,4,2,2,0.5
Molans,1,1,0,0
The Warriors,7,4,3,0.428571
Mega-Monsters,3,0,0,0
Mankind Liberation Front,8,7,1,0.125
Shatterforce,3,2,1,0.333333
Mini-Cons,1,1,0,0
Predators,1,1,0,0
Purifiers,20,18,1,0.05
S.W.O.R.D.,11,9,2,0.181818
Mutant Underground,10,5,5,0.5
Six-Fingered Hand,7,3,1,0.142857
Freedom Fighters of China,6,4,2,0.333333
Punishers,8,4,3,0.375
New Guardians,21,13,8,0.380952
Shazam`s Squadron of Justice,9,8,1,0.111111
Cult of the Negative Zone,1,1,0,0
Order of Ancient Mysteries,2,2,0,0
Star Sisters,3,0,3,1
Space Patrol,9,8,1,0.111111
Medusa,6,4,2,0.333333
Rats of Central Park,2,2,0,0
Chitauri,4,4,0,0
Emerald Warriors,6,4,2,0.333333
Wicked Brigade,5,4,1,0.2
Spider-Slayers,6,5,1,0.166667
Bad News Birds,3,3,0,0
The Finders of the Lost,1,1,0,0
The Triumvirate of Hell,5,4,1,0.2
Freakshow,6,3,3,0.5
Kaleesh,1,1,0,0
New Gods,125,76,48,0.384
African Gods,5,4,1,0.2
Draumar,1,1,0,0
Savage Six,13,12,1,0.076923
Checkmate,68,46,21,0.308824
Batroc's Brigade,10,9,1,0.1
Commandeers,7,3,4,0.571429
Demon Troops,4,0,0,0
Death 3,3,3,0,0
Daxamites,18,12,6,0.333333
Savage Land Mutates,16,10,6,0.375
Deltans,1,0,1,1
Freak Show,6,3,3,0.5
Galactic Council,9,7,1,0.111111
Sinister Syndicate,11,10,1,0.090909
ESPeople,6,4,2,0.333333
Brotherhood of Makuta,4,4,0,0
Euroforce,7,5,2,0.285714
Evolutionaries,1,1,0,0
Kid Commandos,4,3,1,0.25
Almeracians,3,1,2,0.666667
Bladerunner Squad,2,2,0,0
Qwardians,17,15,1,0.058824
Skeksis,3,3,0,0
Inuit Gods,4,2,2,0.5
Earth Corps,4,3,0,0
Doc Savage's Amazing Crew,3,3,0,0
Sagittarians,3,1,1,0.333333
The Machine Resistance,6,3,1,0.166667
Justice Society International,19,10,9,0.473684
Trenchcoat Mafia,1,1,0,0
The Controllers,4,3,0,0
Kobra,19,9,10,0.526316
Children of Thanos,14,12,2,0.142857
Blood Reds,1,1,0,0
Fight-Brigade,5,4,1,0.2
Krook,1,0,1,1
The Skulls,1,1,0,0
Powerpunk Girls,3,0,3,1
Stockpile,5,2,3,0.6
Avengers Unity Squad,19,15,4,0.210526
Ninja Force,4,4,0,0
Disavowed of Galadoria,3,0,0,0
Beastiamorphs,2,2,0,0
Heavy Mettle,7,5,2,0.285714
Light Brigade,6,4,2,0.333333
Paranormal Law Enforcement Team,4,2,2,0.5
Silicon Dragons,1,1,0,0
Annihilus' Queens,3,0,3,1
Batman's Legion,25,17,8,0.32
Save Our Society Foundation,2,1,1,0.5
Humanity's Last Stand,11,7,4,0.363636
Bio-Genes,4,2,2,0.5
Jade Phantoms,1,1,0,0
Cult of the Dark Lord,1,1,0,0
Tiny Titans,30,15,15,0.5
The Crazy 8,14,6,8,0.571429
Young Allies,14,7,7,0.5
Squadron Supreme,40,28,11,0.275
Gordanians,1,0,0,0
Scarlet Knights,1,1,0,0
M'Eluans,2,1,1,0.5
T.I.M.E.,6,4,2,0.333333
Squadron Sinister,12,9,3,0.25
Team Venom,12,9,3,0.25
Hero Manifesto,4,2,2,0.5
Pale Vicars,3,3,0,0
Seven Unknown Men of Slaughter Swamp,1,1,0,0
Gibborim,1,0,0,0
Wizard's Warriors,6,4,2,0.333333
The Menagerie,4,1,3,0.75
Mbangawi Army,3,3,0,0
Seekers,7,4,1,0.142857
Shadowspire,2,2,0,0
X-Corps,13,7,6,0.461538
Shogun Warriors,6,3,1,0.166667
Team Titans,21,10,11,0.52381
The Jury,10,9,1,0.1
Buzzard Brothers,2,2,0,0
Operation: Lightning Storm,7,5,2,0.285714
Union Army,2,2,0,0
SPARTAN-I Program,2,2,0,0
Lunatic Legion,15,12,2,0.133333
New Defenders,7,4,3,0.428571
Reverse Suicide Squad,4,4,0,0
Silent Order,2,1,0,0
Cult of Set,1,1,0,0
Hard 7,9,8,1,0.111111
Ancients,5,4,1,0.2
Madballs,15,15,0,0
Pacific Overlords,13,9,3,0.230769
Spider-Minions,1,1,0,0
Galactic Empire,13,11,1,0.076923
The False Heroes,3,3,0,0
Khund Legion,4,3,1,0.25
Skinwalkers,1,1,0,0
Bratpack,10,5,5,0.5
Marvanites,1,1,0,0
Sons of Satannish,2,2,0,0
VXX-199,4,2,1,0.25
Maulers,6,6,0,0
I.C.O.N.,5,4,0,0
United Nations,12,8,4,0.333333
Knights of the Galaxy,4,3,1,0.25
Project M,15,12,3,0.2
Freelance Restorations,4,3,1,0.25
People's Protectorate,19,13,6,0.315789
Biker Mice from Mars,4,3,1,0.25
The Cleaners,2,1,0,0
Killing Squad,3,3,0,0
Eternals,69,50,16,0.231884
Bamfs,3,2,0,0
FIRM,7,5,2,0.285714
Lemurians,21,13,8,0.380952
Los Angeles Intelligence community,1,0,1,1
Templar Guardians,6,5,1,0.166667
Tunnel Rats,5,5,0,0
Roxxon,59,49,10,0.169492
Front Men,3,1,2,0.666667
All-Star Squadron,124,91,32,0.258065
Speedball Revenge Squad,8,7,0,0
Zen Men,3,3,0,0
Forever People,7,4,2,0.285714
Gods of Heliopolis,3,2,1,0.333333
Skrulls,139,102,32,0.230216
Chemoids,1,1,0,0
Metahumes,6,3,3,0.5
Dagger Clan,2,1,1,0.5
The Hollywood Vampires,9,8,1,0.111111
Obscurity Legion,8,6,2,0.25
Frightful Four,33,18,13,0.393939
Recombinants,1,1,0,0
Stone Perfs,5,5,0,0
The Trench,3,2,1,0.333333
21st Century New World Order,6,5,0,0
Four Horsemen of the Apocalypse,4,4,0,0
Victory V's,5,4,1,0.2
Section Eight,15,13,2,0.133333
First Sons,3,2,1,0.333333
Brethren,4,3,1,0.25
A.R.M.O.R.,28,18,10,0.357143
Goblins,1,1,0,0
Ben's Team,10,7,3,0.3
Red Hood Gang,4,4,0,0
Brotherhood of Evil Mutants,83,59,24,0.289157
Fearsome Five,13,10,3,0.230769
Xenobrood,5,3,2,0.4
Thirteen Ninjas,1,1,0,0
Strontians,5,3,1,0.2
Kids Next Door,7,3,4,0.571429
Elves,8,3,5,0.625
Fremen,12,9,3,0.25
Zhuguan,5,4,1,0.2
Dimension X Aliens,1,1,0,0
Ultimates,29,14,15,0.517241
Ultimate Knights,6,6,0,0
Gotham University,9,3,6,0.666667
Decker Family,4,4,0,0
WHIZ TV,6,3,3,0.5
Gangers,2,1,0,0
SPARTAN-II Program,7,5,2,0.285714
The Council,1,1,0,0
Orions,1,0,1,1
Queen Family,14,6,8,0.571429
Thanosi,5,5,0,0
Dark Ultimates,5,4,1,0.2
Church of Blood,15,7,8,0.533333
Female Furies,25,0,25,1
Stark Seven,7,5,2,0.285714
The Brotherhood,1,1,0,0
Shadow Council,5,5,0,0
Varchas Crew,5,4,1,0.2
Annunaki,7,5,2,0.285714
United States Navy,34,33,1,0.029412
Intelligencia,11,11,0,0
Tiger People,5,5,0,0
Militiamen,1,1,0,0
X-Calibre,5,1,4,0.8
Corsairs,7,3,4,0.571429
Cyberdata,2,1,1,0.5
Freedom's Ring,3,2,1,0.333333
Cabal of Scrier,2,2,0,0
The Resistants,9,8,1,0.111111
Justice League of Amazons,7,0,7,1
Dire Wraiths,13,7,5,0.384615
Masters Of Disaster,7,3,4,0.571429
Crime Alliance,3,2,1,0.333333
Science Police,22,12,10,0.454545
X-Club,9,6,3,0.333333
The Fraternity of Raptors,7,6,1,0.142857
Krylorians,1,0,1,1
Psi-Force,11,7,4,0.363636
Animen,5,3,2,0.4
Watchmen,6,5,1,0.166667
The Covenant,7,5,2,0.285714
Power Cult,2,1,1,0.5
Grapplers,15,0,15,1
House Amethyst,4,1,3,0.75
Justice League 3000,14,7,7,0.5
Special Executive,9,5,4,0.444444
Black Host,2,2,0,0
Thunderbolts,138,108,30,0.217391
Aakon,3,3,0,0
Deterrence Research Corporation,2,2,0,0
Pale Riders,4,2,2,0.5
Warlords of the Web,7,4,1,0.142857
Challengers of the Unknown,15,8,4,0.266667
The Undying,2,2,0,0
Storm Giants,7,5,2,0.285714
Chronarchists,3,3,0,0
Seattle Police Department,1,1,0,0
United States Department of State,1,1,0,0
JLAxis,3,2,1,0.333333
Anti-Green Lantern Corps,1,1,0,0
The Crew,9,7,2,0.222222
French Resistance,1,1,0,0
The underground,1,1,0,0
Freakers,1,1,0,0
Robot Renegades,5,1,1,0.2
Bowling League of America,5,4,1,0.2
The Clarion,4,3,1,0.25
DNAliens,8,7,1,0.125
New York Fire Department,2,2,0,0
New Enforcers,15,9,3,0.2
Great Wall,5,4,1,0.2
Hyperkind,4,2,2,0.5
Kherubim,4,2,2,0.5
Primitives,1,1,0,0
Atari Force,13,8,5,0.384615
Deltites,3,1,2,0.666667
Council of Godheads,14,14,0,0
Second Assembly,1,0,0,0
Killer Elite,5,5,0,0
Scorpio,1,0,1,1
Warriors,9,5,4,0.444444
Alpha Prime,4,2,2,0.5
"Infinity, Inc.",26,12,14,0.538462
The Just,25,14,11,0.44
Slavers,1,1,0,0
Territorial Troopers,3,2,1,0.333333
Black Seven,2,1,1,0.5
Scarabs,5,0,1,0.2
Nth Command,6,6,0,0
Black Womb Project,10,8,2,0.2
Cotati,4,3,0,0
Children of Cronus,6,4,1,0.166667
Kane Family,12,4,8,0.666667
Romans,11,9,2,0.181818
The Death Gods,4,2,2,0.5
Marvel Bullpen,2,1,0,0
The Omegas,5,3,2,0.4
Native American Gods,5,4,1,0.2
Kryptonian Science Council,9,5,4,0.444444
U-Foes,4,3,1,0.25
NYX,6,2,4,0.666667
Shadowmasters,7,5,2,0.285714
Aquamarines,6,5,1,0.166667
Astromech Droids,1,1,0,0
Young Masters,12,8,4,0.333333
Rebel Alliance,25,17,7,0.28
Cardassians,1,1,0,0
Clan Chosen,10,7,3,0.3
G.I. Joe,17,17,0,0
League of Realms  ,12,5,7,0.583333
Wolverine Squad,3,2,1,0.333333
Gotham Game Club,3,3,0,0
Q-Core,8,5,3,0.375
Whisper Gang,2,2,0,0
The Mavericks,4,1,3,0.75
Zod's Three Nuaghty Doggies,3,2,1,0.333333
The Five,5,2,2,0.4
China White Triad,4,2,2,0.5
The Gardeners Tribe,1,0,1,1
Intruders,6,4,2,0.333333
Justice Battalion,6,4,2,0.333333
Avengers Academy,31,17,13,0.419355
Hayoth,5,2,1,0.2
Time Variance Authority,8,5,1,0.125
The Resistance,12,8,4,0.333333
Lost Lanterns,11,7,3,0.272727
New Conglomerate,6,4,2,0.333333
Kryptonians,225,162,59,0.262222
Clan Yashida,8,5,3,0.375
Outsiders,60,38,21,0.35
Gene Dogs,6,3,3,0.5
Lando's Commandos,1,1,0,0
Bloodforce,6,4,2,0.333333
Legion of Substitute Heroes,21,14,7,0.333333
Men-Fish,1,1,0,0
Order of Purity,2,2,0,0
Exiles,38,23,14,0.368421
Council of Doom,4,4,0,0
Edenians,4,1,3,0.75
Scull-Face Cult,1,1,0,0
The Confederates of the Curious,6,5,1,0.166667
Cognoscenti,3,2,1,0.333333
Central Intelligence Agency,69,49,20,0.289855
Rush Club,3,3,0,0
Collection Agency,3,2,1,0.333333
House Atreides,9,6,3,0.333333
D.O.A.,19,11,6,0.315789
Mindbugs,1,1,0,0
Inhumans,222,140,76,0.342342
The Six,10,6,4,0.4
Commedia Dell'Morte,6,4,2,0.333333
Annihilation Brigade,4,4,0,0
Legion of Super Pets,10,9,1,0.1
Dora Milaje,11,2,9,0.818182
Marvel Zombies,15,13,1,0.066667
Head Hunters,4,3,1,0.25
The Wheel,2,1,1,0.5
Goldstar Incorporated,5,3,2,0.4
Society of Sin,10,7,3,0.3
Committee Of Five,6,5,0,0
Livewires,6,3,3,0.5
JSA All-Stars,15,8,7,0.466667
Seven Soldiers of Victory,34,26,7,0.205882
The Cabal,2,2,0,0
Chuco-Thirteen,1,1,0,0
Everyman Project,19,11,8,0.421053
Gods of War,5,3,2,0.4
Next Wave,3,3,0,0
Scrapper Troopers,1,1,0,0
Challengers From Beyond,9,7,2,0.222222
Aztec Gods,4,1,3,0.75
Cybersamurai,2,2,0,0
Bold Urban Commandos,5,5,0,0
Big Hero 6,10,7,3,0.3
Kamikaze Bitch-Babe Bikers From Hell,1,0,1,1
The Horde,1,1,0,0
Enclave,27,19,6,0.222222
SPARTAN-III Program,1,1,0,0
The Black Legion,10,8,1,0.1
Brides of Set,7,0,7,1
Volkir,1,1,0,0
Doom Patrol,42,23,16,0.380952
Chevaliers,6,4,2,0.333333
Nanomads,1,1,0,0
Basilisk,12,7,5,0.416667
French Foreign Legion,6,6,0,0
Fanatix,4,2,1,0.25
Satan's Angels,1,1,0,0
Jean Grey Academy,65,33,30,0.461538
Red Guard,16,8,8,0.5
The First Order,3,3,0,0
Guardians of the Universe,21,16,5,0.238095
Team War Machine,6,3,3,0.5
Unlimited Class Wrestling Federation,30,15,14,0.466667
Thunderbolts Army,69,56,13,0.188406
Overcorp,2,2,0,0
Offenders,4,4,0,0
Axis Mundi,9,6,3,0.333333
The Conglomerate,12,6,5,0.416667
Limbo Demons,10,8,2,0.2
Sleepers,1,0,0,0
Lightning Force,4,2,2,0.5
Breakworlders,7,2,4,0.571429
Bacchae,1,0,1,1
August 7,5,3,2,0.4
The Foursaken,4,3,1,0.25
Knights of Ren,1,1,0,0
Freedom's Five,6,6,0,0
Arkham Asylum Inmates,198,149,45,0.227273
Ant Men,7,4,2,0.285714
Strike First,1,1,0,0
Boar Brothers,2,2,0,0
Gelfling,2,1,1,0.5
Council,6,3,2,0.333333
Omega Flight,26,17,7,0.269231
Alpha Flight,59,30,29,0.491525
Symbiotes,18,10,6,0.333333
MI6,11,7,4,0.363636
Madame Masque's Bio-Duplicates,1,0,1,1
Cult Of The Jackal,4,3,1,0.25
Heavy Metal,10,8,0,0
Elite Mutant Force,11,8,3,0.272727
Okaarans,1,1,0,0
Chalactans,1,0,1,1
Angelic Council,1,0,1,1
Primeans,2,1,1,0.5
Thorites,4,3,1,0.25
Furious Five,5,4,1,0.2
Ul'lula'ns,2,1,1,0.5
Cyclone Kids,3,1,2,0.666667
Silverhawks,5,4,1,0.2
The League of Titans,5,4,1,0.2
Starrware Labs,2,1,1,0.5
Rock Trolls,10,10,0,0
Nimrod Squad,4,3,1,0.25
Shadowforce,6,4,2,0.333333
Congress of Worlds,2,1,1,0.5
Pax Dei,8,8,0,0
Octessence,8,7,0,0
Hunters of Vellus-Kar,3,2,1,0.333333
Aesir 2099,5,4,1,0.2
Bedrock Police,2,2,0,0
VR Troopers,3,2,1,0.333333
Westman Construction Company,4,4,0,0
Celestial Order,1,1,0,0
Skrull Kill Krew,7,4,3,0.428571
F.O.R.C.E.,1,0,1,1
Xenotech,2,1,1,0.5
Serpent Men,4,3,1,0.25
Council of Merlin,3,2,1,0.333333
Spookshow,1,1,0,0
Wild Men,13,10,2,0.153846
Arcturans,6,3,3,0.5
Order of Ponce De Leon,1,1,0,0
Nighthawks,1,1,0,0
Yoda's Species,1,1,0,0
U.S.7 ,1,1,0,0
Captain Atom Brigade,5,4,1,0.2
Ariguans,3,3,0,0
The Ascendant,5,3,2,0.4
Jandar's Army,4,3,1,0.25
The Evil Horde,20,11,6,0.3
Krotze International,2,2,0,0
Front Line,6,3,3,0.5
Star Masters,5,4,1,0.2
Marvel Knights,5,3,2,0.4
The Disgraced,4,1,3,0.75
Looney Tunes,40,33,7,0.175
HORDR,15,8,6,0.4
Brotherhood of Chaos,4,2,2,0.5
Dead Cell,1,1,0,0
Ovoids,1,1,0,0
Brotherhood of Evil,37,27,10,0.27027
T.H.U.N.D.E.R. Agents,3,1,2,0.666667
Cloak and Dagger,2,1,1,0.5
Ant-Man Security Solutions,4,3,1,0.25
Fairies,5,1,4,0.8
Order,12,6,6,0.5
Providian Order,2,1,1,0.5
Baron Mordo's Minions,4,3,1,0.25
Animal Masters,10,6,4,0.4
Force Works,12,7,4,0.333333
Gate-Keepers,1,1,0,0
W.A.N.D.,2,1,1,0.5
Skeleton Crew,12,10,1,0.083333
Desert Sword,5,4,1,0.2
Bugs,2,1,1,0.5
The Power Company,8,5,3,0.375
The Circle of Shadows,2,1,1,0.5
Zombies,15,13,2,0.133333
Mandalorians,1,1,0,0
Flintstones Family,5,3,2,0.4
New Jedi Order,2,1,1,0.5
Four Horsemen of Apokolips,4,4,0,0
Preemptive Strike,3,3,0,0
Uprising Storm,3,2,1,0.333333
Executive Elite,3,1,2,0.666667
The Braidmen,2,1,1,0.5
O.M.A.C.s,6,3,0,0
Resistance Coordination Executive,12,7,5,0.416667
Inter-Nation Security,3,2,1,0.333333
Lost Boys,1,1,0,0
The Others,9,5,4,0.444444
Press Gang,7,4,3,0.428571
Darkstars,25,16,8,0.32
The Darkholders,2,0,2,1
Hammer Industries,24,22,2,0.083333
Dominators,11,9,2,0.181818
Alien Alliance,7,4,3,0.428571
Ano-Athox,4,3,1,0.25
Protectors,15,5,4,0.266667
Ghost Racers,15,13,2,0.133333
Pau'ans,1,1,0,0
H.I.V.E. Five,7,6,1,0.142857
V-Battalion,27,17,10,0.37037
Hulkbusters,16,11,5,0.3125
The Encoders,2,1,1,0.5
Wendigo Girls,2,0,2,1
The Reapers,7,4,2,0.285714
Mayhem,7,4,3,0.428571
Hydrators,6,4,2,0.333333
Spetsnaz,1,1,0,0
GeneTech,2,2,0,0
Legion of Super-Rejects,9,4,3,0.333333
Cross Technological Enterprises,6,5,1,0.166667
Justice League of Earth,7,5,2,0.285714
Red Trinity,3,2,1,0.333333
Venusians,4,3,1,0.25
Talokians,10,4,5,0.5
Hawk & Dove,6,3,3,0.5
Haly's Circus,17,14,3,0.176471
Human Defense Corps,6,5,1,0.166667
Interplanetary Insurance Inc.,1,1,0,0
P.T.S.F.,2,2,0,0
Spacemen,4,3,1,0.25
Black Powers,6,4,2,0.333333
Home Base,4,2,2,0.5
Godbeasts,1,1,0,0
Alliance of Evil,8,5,3,0.375
The Changelings,14,9,5,0.357143
Injustice Gang,32,25,7,0.21875
Teeny Titans,5,3,2,0.4
Nightbrothers,1,1,0,0
Ringers,3,1,0,0
Braalians,11,9,1,0.090909
Scourge Of The Underworld,4,3,1,0.25
Poglachian Green Lanterns Corps,12,10,2,0.166667
Dalwythians,1,0,1,1
Gunslingers,12,11,1,0.083333
Iridians,5,5,0,0
Americommand,6,4,2,0.333333
Ex-Avengers,6,4,2,0.333333
The All-Hate Squad,10,7,2,0.2
The Scarlet Horde,1,1,0,0
Khunds,18,14,4,0.222222
Defenders of Dynatron City,6,4,2,0.333333
Mermaids,23,9,14,0.608696
Dark Arcana,21,16,4,0.190476
Night Force,14,10,4,0.285714
Gang of Four,4,4,0,0
H.I.V.E,40,27,13,0.325
Femme Force,7,0,7,1
Dark Acolytes,4,2,2,0.5
Angel Squad,3,3,0,0
Dakkamites,3,3,0,0
Strikeforce: Morituri,28,17,11,0.392857
Parliamech,3,2,1,0.333333
Legionnaires,26,16,10,0.384615
Code: Blue,11,8,2,0.181818
Fatboys,2,1,1,0.5
Red Dragon,4,4,0,0
Guthrie Family,10,5,5,0.5
Injustice Society,31,25,5,0.16129
Giant-Born,1,0,1,1
Mercs For Money,14,11,3,0.214286
Red Shadows,6,5,1,0.166667
Weaponers of Qward,12,11,0,0
ONI,4,3,1,0.25
Ultimate Federalist Freedom Fighters,4,2,2,0.5
Never-Never Boys,3,3,0,0
Prime,1,1,0,0
House of Borgia,1,0,0,0
Doctor's Companions,1,0,1,1
Avatars,7,6,1,0.142857
Appellaxians,1,0,0,0
SOOFI,2,1,1,0.5
People's Defense Force,16,10,5,0.3125
Daily Planet,52,29,23,0.442308
MI:13,44,23,20,0.454545
Zoo Crew,8,6,2,0.25
Hodinn,2,2,0,0
Rough Justice,4,4,0,0
Council of Elders,5,3,2,0.4
The Jedi High Council,9,7,2,0.222222
Legion of Light,8,5,3,0.375
Insectoids,10,0,0,0
Cyber Ninjas,4,3,1,0.25
Red Triangle Circus Gang,1,1,0,0
Magnum Munitions,3,3,0,0
Meeps,1,1,0,0
Heralds,9,7,2,0.222222
Santerians,4,3,1,0.25
Brotherhood of the Shield,2,2,0,0
Black Mask's Freed Arkham Inmates,10,8,2,0.2
Mutant Response Division,2,1,1,0.5
Ant Hill Mob,7,7,0,0
Invaders,22,16,6,0.272727
Night Shift,11,9,2,0.181818
The Celestial Order of the Hai-Dai,1,0,1,1
Roman Gods,2,2,0,0
The Hoodmen,2,2,0,0
Toxic Crusaders,4,3,0,0
The Alliance,1,1,0,0
Intergang,36,30,6,0.166667
Just'a Lotta Animals,15,12,3,0.2
Requiem Sharks,1,0,1,1
Legion of the Damned,1,0,1,1
The Mutants,3,3,0,0
The Tucaro Indians,1,1,0,0
Vishanti,3,2,1,0.333333
The Inner Demons,8,7,1,0.125
Spammers,3,2,1,0.333333
X-Men 2099,15,10,5,0.333333
The Green Arrows,2,1,1,0.5
The Thule Society,1,1,0,0
Scarlet Spiders,3,3,0,0
Justice Underground,8,6,2,0.25
Alpha Lanterns,11,5,4,0.363636
Three Bears,3,2,1,0.333333
Global Concern,7,4,3,0.428571
The Ravens,4,0,4,1
The Elementals,4,3,1,0.25
Thanagarians,39,25,13,0.333333
Cult of Conner,2,1,1,0.5
Krieger Sect,3,2,1,0.333333
V.I.G.I.L.,4,3,1,0.25
Pet Avengers,7,7,0,0
Black Marvel Family,5,3,2,0.4
Enterprise A Crew,4,2,2,0.5
Rough Bunch,12,10,2,0.166667
The Crimebusters,7,6,1,0.142857
The Iron Legion,7,6,1,0.142857
The Kingdom,8,6,2,0.25
Durlans,17,10,6,0.352941
Death Sponsors,5,3,2,0.4
Super-Axis,18,15,2,0.111111
Blood Storm,5,3,2,0.4
The Grinning Ghosts,1,1,0,0
Boston Police Department,5,3,2,0.4
Knight and Squire,5,4,1,0.2
Consortium,4,4,0,0
Gorgons,3,1,2,0.666667
The Swinester Six,6,6,0,0
New Reichsmen,7,4,3,0.428571
Great Powers of the Universe,36,24,4,0.111111
The Lost Light Crew,1,1,0,0
Shadow Fighters,16,10,6,0.375
Succubi,3,0,3,1
Xudarians,8,5,1,0.125
Crime Syndicate of America,15,11,4,0.266667
Speedsters,24,17,7,0.291667
Cherubim,6,4,0,0
Para-Troop,8,6,2,0.25
Crew of Sol III (Cyberspace 3000),1,1,0,0
Martians (H. G. Wells),2,1,0,0
Daughters of the Dragon,2,0,2,1
Project PEGASUS,51,39,11,0.215686
Justice League Elite,10,6,4,0.4
Werewolves,32,27,5,0.15625
Kinsmen,6,5,1,0.166667
Micronauts,17,8,6,0.352941
The Phantom Limbs,6,6,0,0
Empire State University Faculty,11,9,2,0.181818
Legion Espionage Squad,7,3,4,0.571429
The Lupine,9,6,3,0.333333
M.O.D.O.K.'s 11,10,7,2,0.2
Space Canine Patrol Agents,10,8,2,0.2
Amazons of Themyscira,157,4,153,0.974522
Flying Todds,3,2,1,0.333333
Goblin Cult,11,7,4,0.363636
Old Gods of Zenn-La,4,3,1,0.25
Portland Avengers,6,3,3,0.5
Deathlok Legion,3,1,2,0.666667
Court of Owls,31,27,4,0.129032
The Time Trust,3,3,0,0
Dogs of War,1,1,0,0
Justice 9,9,7,2,0.222222
Immortal Weapons,16,13,3,0.1875
Clan Akkaba,22,19,3,0.136364
Knight Shift,7,6,1,0.142857
Vaughn Security Systems,5,2,3,0.6
Elite Agents of SHIELD,5,3,2,0.4
Terminauts,2,1,0,0
The Glider Patrol,1,1,0,0
Dayton Industries,12,8,4,0.333333
The Unknowns,5,3,2,0.4
Meta Militia,8,7,1,0.125
The Nite-Owl Rorschach Team,2,2,0,0
Legion of Sivanas,5,5,0,0
Cooper Clan,1,1,0,0
Black Air,5,4,1,0.2
Voice Unheard,9,8,1,0.111111
Zamarons,7,0,7,1
X-Patriots,4,3,1,0.25
Euro-Trash,5,4,1,0.2
Hellfire Club,86,50,34,0.395349
Command D,4,4,0,0
Five Lights,6,3,3,0.5
Yakuza,22,20,2,0.090909
Supreme Soviets,5,4,1,0.2
Retox,6,5,1,0.166667
Galactic Enforcers,3,2,1,0.333333
Squad K,4,4,0,0
Cell-12,4,4,0,0
Kree Pursuer Corps,1,0,1,1
Planet Taker Corps,1,1,0,0
Kree,103,62,32,0.31068
Turnpike Authority,1,1,0,0
The A-Team,1,1,0,0
Wayne Family,20,16,4,0.2
Dzyan,1,1,0,0
Darkwings of the Multiverse,5,5,0,0
F.E.A.R.,1,1,0,0
Si-Fan Clan,6,3,0,0
Frost Giants,11,8,1,0.090909
Foot Clan,1,1,0,0
Black Dahlias,6,0,6,1
Deputy Lanterns,7,5,2,0.285714
Citadel,4,3,1,0.25
Cadre K,6,5,1,0.166667
The Faultless Four,3,3,0,0
The Two Tweeds,2,2,0,0
Golden Mirror,1,0,1,1
People's Heroes,5,3,2,0.4
Zelkot,2,2,0,0
Aqueos (Atlantean Sect),2,2,0,0
S.C.A.R.s.,6,3,3,0.5
Avengers,222,139,82,0.369369
Saurians,12,8,3,0.25
The Veil,1,1,0,0
Thunder Guard,8,8,0,0
Aurakles,1,0,1,1
Kytinn,1,0,1,1
The Marlons,4,4,0,0
The Lane Family,12,6,6,0.5
Xartans,2,2,0,0
Brotherhood of Quetzalcoatl,2,2,0,0
New Paramounts,4,4,0,0
House Harkonnen,8,8,0,0
Retaliators,13,8,5,0.384615
One-Earth Regime,20,15,5,0.25
Technet,15,8,4,0.266667
Reavers Of Arcturus,4,3,1,0.25
Bear People,5,3,2,0.4
Mystery Men,5,4,1,0.2
Asura,2,1,1,0.5
War-Mind,2,1,0,0
United States Department of Homeland Security,3,1,2,0.666667
Batman Family,24,13,11,0.458333
ClanDestine,15,8,6,0.4
Pearl Sect,1,0,1,1
Colony,1,1,0,0
Marvelman Family,4,3,1,0.25
Demons of the Realm of Madness,9,4,3,0.333333
The Galactic Avenger Battalion,9,8,1,0.111111
USS Voyager Crew,6,4,2,0.333333
The Right,4,3,1,0.25
The Outcasts,9,7,1,0.111111
S.H.A.Z.A.M.,8,6,2,0.25
Evolutionary's Stormtroopers,3,3,0,0
S.T.A.K.E.,33,28,4,0.121212
Intimidators,6,6,0,0
League of Super-Assassins,6,4,2,0.333333
Hell-Lords,28,23,5,0.178571
Legion of Monsters,11,9,2,0.181818
Rahkshi,5,0,0,0
The Fourth Reich,15,11,4,0.266667
Alchemax,30,22,7,0.233333
U.S. Radar Station Team,2,1,1,0.5
Fake Defenders,19,19,0,0
Heralds of Onslaught,10,9,1,0.1
The Fallen,9,5,3,0.333333
Band of Baddies,4,2,2,0.5
Cult of Kali,5,2,3,0.6
Summers Rebellion,15,9,6,0.4
Korugarians,6,2,4,0.666667
Shadow Lords,3,3,0,0
Atom's Rogues,7,7,0,0
Warzone,4,3,1,0.25
Villainy Inc.,12,0,12,1
Silver Squad,4,2,1,0.25
Phantom Zone Inhabitants,40,29,11,0.275
Blasters,9,6,3,0.333333
Sensors,6,3,3,0.5
Beast-Men,2,2,0,0
Black Glove,27,22,3,0.111111
Luthors Legion,5,3,2,0.4
The Happy Campers,4,4,0,0
She-Vengers,3,0,3,1
Amazing Friends,6,4,2,0.333333
The Blood Red Moon,2,1,1,0.5
Pax Institute,10,6,4,0.4
Cyborg Revenge Squad,6,4,2,0.333333
Vegetable People,1,1,0,0
Bratva,3,3,0,0
Yahweh's Children,1,1,0,0
Sky Devils,1,1,0,0
Romulans,1,0,1,1
Tiny Titans East,6,3,3,0.5
Star Riders,5,0,5,1
Inheritors,8,6,2,0.25
Valkyrior,22,0,21,0.954545
Next Avengers,5,4,1,0.2
Human High Council,29,20,9,0.310345
Four Mopeds of the Apocalypse,4,3,1,0.25
Zum Corporation,1,1,0,0
Shi'ar,55,34,21,0.381818
Samurai Squad,1,1,0,0
Legion Academy,41,23,16,0.390244
The Worthy,10,8,2,0.2
Tritonians,10,7,3,0.3
SKULL,3,3,0,0
Neo,32,21,11,0.34375
Hunters,1,0,1,1
Priests of Pama,2,1,0,0
Children of Tomorrow,1,1,0,0
Masters of Evil,205,172,30,0.146341
Black Hole,1,1,0,0
The O'Dares,5,4,1,0.2
Flying Graysons,3,2,1,0.333333
Vulcans,6,4,2,0.333333
Oranxians,1,1,0,0
The Watchers,29,26,2,0.068966
The Garden,5,3,2,0.4
Fabrini,1,0,1,1
Justice League of Anarky,6,5,1,0.166667
Ennilux,2,2,0,0
The Stark,5,1,4,0.8
A.P.N.G.,7,5,2,0.285714
Misfits,4,4,0,0
Mainframe,5,3,2,0.4
Manta-Men,1,1,0,0
The Underground,8,5,3,0.375
X-Melmen,9,6,3,0.333333
Supermen of America,15,11,4,0.266667
Betans,1,0,0,0
Amazons,3,0,3,1
Wildcore,1,0,1,1
Demolition Team,5,4,1,0.2
Unicorns,3,1,1,0.333333
Warhawks,3,1,2,0.666667
Bone Hunters,1,1,0,0
Nova Express,1,1,0,0
Easy Company,24,24,0,0
Osh-Tekk,2,2,0,0
The Tyrell Corporation,3,2,1,0.333333
Metal Women,6,1,5,0.833333
Sky-Wolves,5,5,0,0
Superman Robots,7,6,1,0.142857
Red Brotherhood,1,0,1,1
The Brave And The Bold,5,5,0,0
Adaptoids,5,1,1,0.2
Nightwing & Flamebird,9,5,4,0.444444
Royal Flush Gang,10,6,4,0.4
HYDRA High Council,11,8,3,0.272727
Nazis,112,93,18,0.160714
Council of The Guardians of All Galaxies,11,8,3,0.272727
Nightshade,1,0,1,1
Black School,1,1,0,0
The Manhunters,24,13,8,0.333333
Russian Oktober Guards,6,6,0,0
Super-Americans,8,6,2,0.25
Xeronians,1,1,0,0
Combat Colin and Semi Automatic Steve,2,2,0,0
First Line,27,15,11,0.407407
Justice League of Adventure,5,4,1,0.2
Kat's Cadets,1,0,1,1
Horsemen of Apocalypse,54,43,11,0.203704
Galactic Federation of Free Alliances,1,1,0,0
Stark Prosthetics,2,1,1,0.5
X-Cell,8,5,3,0.375
The Losers,5,5,0,0
Seed Nineteen,6,4,2,0.333333
Minutemen,8,6,2,0.25
Lionmane Pride,2,2,0,0
Special Forces,11,10,1,0.090909
House of El,24,16,8,0.333333
Autobots,6,6,0,0
People's Liberation Army,5,5,0,0
Empire Books,1,1,0,0
KGB,24,18,6,0.25
Saurids,1,1,0,0
Schutz Heiliggruppe,3,3,0,0
Black Panther Party for Self-Defense,1,1,0,0
Revenge Syndicate,3,3,0,0
Dievas,2,1,1,0.5
N'astiri,3,3,0,0
Justice League United,60,39,20,0.333333
Relative Heroes,6,3,3,0.5
U.N.R.E.A.S.O.N.,2,1,1,0.5
Monkey Fist Cult,3,2,1,0.333333
Green Lantern/Green Arrow,4,4,0,0
The Hammer Tribe,3,2,1,0.333333
Moonstar Cadre,6,2,4,0.666667
Dollotrons ,4,3,1,0.25
Doc Fantastic and his Five for the Future,6,6,0,0
Stagg Enterprises,6,5,1,0.166667
Leaguebusters,5,5,0,0
Clique,4,1,3,0.75
Mutant Underground of Singapore,4,3,1,0.25
Dark Guard,8,5,3,0.375
Supremacists,6,6,0,0
Blastaar's Army,7,7,0,0
New U Technologies,16,12,4,0.25
Jokerz,19,16,3,0.157895
Carbone Family,4,3,1,0.25
Dwarves,5,4,1,0.2
Phoenix Corporation,1,1,0,0
Holy Order of Rao,1,1,0,0
Spider Society,16,11,5,0.3125
Academy of Arch-Villains,3,3,0,0
Dollmaker's Family,7,4,2,0.285714
Liberty Legion,9,8,1,0.111111
Nobili,3,3,0,0
Hunting Party,5,3,2,0.4
Time Stealers,8,7,0,0
Foreigner's Death Squad,7,7,0,0
Imperial Police Force,5,5,0,0
Hellfire Soldiers,5,5,0,0
False Face Society,7,6,1,0.142857
Deathwalkers,4,3,1,0.25
Sisterhood of Mutants,14,0,14,1
The Heralds of The Anti-Monitor,5,5,0,0
Imskians,3,1,2,0.666667
Army of Assassins,1,1,0,0
Medusa Web,12,9,3,0.25
"Rock, Paper, Scissors",3,1,2,0.666667
The Hand,77,53,22,0.285714
Renegade Squadron,8,7,1,0.125
Organization,2,1,0,0
Spirits of Vengeance,6,4,1,0.166667
Inter-Agency Defense Command,2,1,1,0.5
The Many-Angled Ones,6,0,0,0
Lost Souls,4,2,2,0.5
Baintronics,8,5,2,0.25
Ectomorphicon Titans,1,1,0,0
X-Statix,23,15,7,0.304348
The Family,7,5,2,0.285714
The Corpse,2,1,1,0.5
Imperial Guard,60,42,16,0.266667
Robos,1,0,1,1
Nuclear Legion,6,6,0,0
Super-Apes,4,4,0,0
Generation X,24,15,9,0.375
Neo-Knights,1,0,1,1
Labor Guild,3,2,1,0.333333
Ani-Men,9,7,2,0.222222
GeNEXT,14,7,7,0.5
League of Losers,11,7,4,0.363636
The Forgiven,7,4,3,0.428571
The Initiative,231,158,71,0.307359
Stealth Inc.,1,1,0,0
Warbirds,1,0,1,1
Feral Boys,4,3,1,0.25
Galactic Patrol,1,1,0,0
Deep Six,17,14,3,0.176471
Dead Bastards,2,1,1,0.5
The Bana,49,0,49,1
Exemplars,13,8,5,0.384615
Kalahalians,2,1,1,0.5
Trandoshans,1,1,0,0
Justice Society of America,79,57,22,0.278481
R.C.X.,4,4,0,0
Psionex,8,6,2,0.25
M.O.D.O.K.,5,3,2,0.4
Viscardi,1,0,1,1
Voldi,2,0,2,1
Legends,11,8,3,0.272727
Assimilators,7,5,0,0
House of Martok,2,2,0,0
Siberforce,8,7,1,0.125
Enslavers,2,1,1,0.5
Cerebro's X-Men,6,4,2,0.333333
Chinese Gods,2,1,1,0.5
Phantoms,2,1,1,0.5
Spartoi,11,8,3,0.272727
The Carol Corps,8,0,8,1
Honor Guard,8,6,2,0.25
The Arbiters,3,2,1,0.333333
Martians,4,4,0,0
Blue Trinity,3,2,1,0.333333
Sorcerers Supreme,6,3,2,0.333333
Nextwave,5,2,3,0.6
Suffragists,4,1,3,0.75
United States Marine Corps,56,51,5,0.089286
Dark Gods,7,4,3,0.428571
Laxidazians,3,3,0,0
N'Garai,2,1,0,0
Black Choppers,1,1,0,0
Sullustans,1,1,0,0
Three Aces,3,3,0,0
Daily Star,10,6,4,0.4
House of Magnus,6,4,2,0.333333
Supernaturals,6,4,2,0.333333
Heralds of Galactus,25,14,8,0.32
GARID,4,3,1,0.25
Inferno Babies,11,7,4,0.363636
The Universal Church of Truth,9,5,3,0.333333
Clark Kent Fan Club,1,0,1,1
Force of Nature,6,3,2,0.333333
Warriors Three,3,3,0,0
Vulture Squadron,2,2,0,0
Rogues,27,24,3,0.111111
Titanians,10,2,8,0.8
Smashers,1,1,0,0
Minions' International Liberation Front,1,1,0,0
The Beetles,4,3,1,0.25
Charniputra Sect,2,2,0,0
The Watchdogs,6,6,0,0
Crime Champions,6,6,0,0
Clan Askani,14,6,8,0.571429
Soviet Super Soldiers,16,13,2,0.125
Cyclopes,2,1,1,0.5
Kree Sentry,8,1,0,0
Church of the Damned,2,2,0,0
Anti-Superman Gang,1,0,1,1
Alien Elite,10,7,3,0.3
B.A.D. Girls Inc.,5,1,4,0.8
The Avatars,10,8,2,0.2
The El Garto Cult,3,2,1,0.333333
Power Pack,8,5,3,0.375
Condor,3,3,0,0
Army of the Endangered,11,9,2,0.181818
Five Inversions,5,2,1,0.2
Boojum,5,2,3,0.6
New Revengers,8,5,1,0.125
Folding Circle,8,6,2,0.25
The Jugglers,1,1,0,0
Alpha Centaurians,10,4,6,0.6
Habit Heroes,4,2,2,0.5
O*N*E,6,5,1,0.166667
Street Gangs,1,1,0,0
Ubiquitor's Emissaries,5,3,1,0.2
X-Ternals,5,3,2,0.4
Kryptonian Military Guild,21,14,7,0.333333
Titans,14,8,6,0.428571
Inner Circle,6,3,3,0.5
Church of Eternal Empowerment,1,0,1,1
Rat Pack,7,7,0,0
Cybermen,1,1,0,0
Wild Boys,3,3,0,0
Code Red,7,4,3,0.428571
Cat People,9,7,2,0.222222
Sisters Of Grace,5,0,5,1
The Mongrels,5,3,2,0.4
The Unforgiven,1,1,0,0
Mutant X,5,3,2,0.4
Justice Mites of America,2,1,0,0
Claw Sect,3,3,0,0
New Hybrids,4,3,1,0.25
Oni,3,3,0,0
Wonder Twins,5,3,2,0.4
Infinites,5,5,0,0
Kymellians,14,10,4,0.285714
Egg's Men,1,0,1,1
Ultraforce,2,1,1,0.5
Young Avengers,15,9,6,0.4
The Cooper Gang,3,3,0,0
Teen Titans,105,64,40,0.380952
Kronans,4,4,0,0
Femmes Fatales,5,1,4,0.8
Hammer And Anvil,2,2,0,0
Marauders,27,16,10,0.37037
Protoids,2,2,0,0
Rag Doll Cult,1,1,0,0
Deep Space Nine Crew,7,5,2,0.285714
Kwai,3,2,1,0.333333
Daydreamers,6,5,1,0.166667
Council of Kangs,6,5,1,0.166667
Questers,1,1,0,0
Future Family,2,2,0,0
Yeti,4,4,0,0
Titans East,24,11,13,0.541667
Abysmorphs,1,1,0,0
Vorms,1,1,0,0
Project Shield,2,2,0,0
H.E.A.R.T.,5,0,5,1
M.A.S.K,3,3,0,0
Zuvembie,1,1,0,0
Paradise Group,7,5,2,0.285714
Blackjack,2,1,1,0.5
The Chosen,11,7,4,0.363636
Paragons,8,3,5,0.625
Council of Eternity,8,7,0,0
Tamaraneans,17,4,13,0.764706
Wild Cards,7,5,2,0.285714
Winged Monkeys,1,1,0,0
Hell's Belles,6,1,5,0.833333
Upward Path,4,1,3,0.75
Big Coffin Hunters,3,2,1,0.333333
Church of the Sheltering Hand,3,3,0,0
Team Batgirl,4,0,4,1
The Uh-Oh Squad,4,3,1,0.25
Last  Defenders,4,3,1,0.25
Z'Nox,2,2,0,0
Congress of the Crowns,2,2,0,0
A-Next,24,12,11,0.458333
Fist,6,4,2,0.333333
Network,14,12,2,0.142857
Council of Eight,9,8,1,0.111111
White Eventists,2,2,0,0
Justice Society Infinity,24,16,8,0.333333
Tribbitites,3,2,1,0.333333
The Pantheon,7,6,1,0.142857
The God Squad,12,9,3,0.25
OCP,3,1,0,0
The Bohrok Swarms,8,0,1,0.125
Road Force,5,4,1,0.2
Commission on Superhuman Activities,33,26,7,0.212121
Newfrontiersman,2,2,0,0
Psi Corps,3,1,2,0.666667
The Vi-Locks,40,30,10,0.25
Kindred,1,1,0,0
Spellbinders,7,3,4,0.571429
Bogatyri,4,3,1,0.25
Redeemers,30,22,8,0.266667
Mercurians (Marvel),1,0,1,1
Avengers West Coast,23,15,8,0.347826
The Hunters Two,2,2,0,0
Exiled Wild Men,3,3,0,0
Sparkitects,7,6,1,0.142857
Axis Amerika,11,9,2,0.181818
The Law Enforcement Squad,11,9,1,0.090909
Crimson Cadre,9,6,2,0.222222
Point Men,11,9,2,0.181818
Avengers 1959,9,7,2,0.222222
Dark Sisterhood,3,0,3,1
Teen Angels,4,1,3,0.75
Captain America Corps,7,6,1,0.142857
Zules,1,1,0,0
Factor Three,8,8,0,0
Serpent Skulls,8,6,2,0.25
Gatherers,12,7,4,0.333333
The Fangs,5,4,1,0.2
Devil's Dozen,6,5,1,0.166667
Tekbreakers,1,0,1,1
S.I.L.K.,1,0,1,1
Pantheon,18,14,4,0.222222
Nugent Technologies,3,2,1,0.333333
Sentinels,21,7,2,0.095238
The Crusaders,6,5,1,0.166667
Vietcong,2,2,0,0
Sinestro Corps,109,85,15,0.137615
Black Sea People,3,2,1,0.333333
D.M.A.,8,5,3,0.375
Sun Lubbers,3,3,0,0
Shadowpact,26,18,8,0.307692
Protarians,2,2,0,0
The Visions,5,2,2,0.4
The Mary Janes,4,0,4,1
Splinterfolk,1,1,0,0
The Grail,1,1,0,0
Blood Pack,14,9,5,0.357143
U.N.I.T.,1,0,1,1
Excalibur,41,22,18,0.439024
The Yogi Yahooeys,6,5,1,0.166667
The Freelancers,5,1,4,0.8
Thundercats,1,0,1,1
Unholy Three,3,3,0,0
2000 Committee,6,3,3,0.5
Coluans,18,12,5,0.277778
White Lantern Corps,44,27,15,0.340909
Winter Guard,16,11,5,0.3125
X-Humed,4,3,1,0.25
Axis of Evil,4,2,1,0.25
The Titans,47,28,19,0.404255
U.S.S. Rutledge Crew,1,1,0,0
Pets of Evil Masters,7,4,0,0
Paladins,2,1,1,0.5
Tarkatan,1,0,1,1
The Descendants,19,12,6,0.315789
West Coast Ultimates,5,3,2,0.4
Badoon,24,20,4,0.166667
Mob Rule,1,1,0,0
Sklarian Raiders,1,0,1,1
Blitzkrieg Squad,3,3,0,0
Shadow Riders,8,7,1,0.125
The Goth,4,2,2,0.5
Great Ten,13,11,2,0.153846
Fringe Division,1,1,0,0
The Forgotten Villains,7,5,1,0.142857
Demon-Fire Cult,2,1,1,0.5
Deathweb,4,3,1,0.25
Parliament of Trees,22,15,3,0.136364
Mephitisoids,3,2,1,0.333333
Time-Plucked Titans,4,4,0,0
Cinder and Ashe,2,1,1,0.5
Dog People,2,2,0,0
Cavemen,35,25,10,0.285714
Children Of The Voyager,2,1,1,0.5
Microns,6,0,1,0.166667
Man-Bat Commandos,2,2,0,0
United States Coast Guard,3,2,1,0.333333
Texas Rangers,2,2,0,0
Sword Clan,3,3,0,0
Braddock Academy,15,8,6,0.4
Third World Slayers,5,5,0,0
Acurians,1,1,0,0
The Enigma Force,9,5,3,0.333333
Sentinels of Magic,16,11,5,0.3125
Golden Tree,2,2,0,0
Super Powers,19,18,1,0.052632
Credo,5,1,0,0
New Warriors Task Force,3,1,2,0.666667
Ama Collective,2,1,1,0.5
Big Science Action,9,5,3,0.333333
Kroloteans,1,1,0,0
Reserves,3,2,1,0.333333
Psycho Circus,2,2,0,0
Team 7,15,11,4,0.266667
Team 1,3,2,1,0.333333
Justice League (Cry For Justice),9,7,2,0.222222
Planeteers,9,6,3,0.333333
X-Terminated,7,4,3,0.428571
Agency X,7,5,2,0.285714
The Vatican,1,1,0,0
Wonder Woman's Space Pirates,6,0,6,1
Project 7734,13,9,3,0.230769
Justice League of Apostles,5,4,1,0.2
Team X,6,5,1,0.166667
Firestorm,8,6,2,0.25
Justice Experience,2,2,0,0
Superman Fan Club,4,3,1,0.25
International Sneaky Service,8,6,2,0.25
United Planets,8,2,6,0.75
Green Arrow and Speedy,4,2,2,0.5
Dingbats of Danger Street,4,4,0,0
Ghaggra Clan,1,0,1,1
White Lotus Society,4,4,0,0
Rising Sons,6,4,2,0.333333
Horizon Labs,9,7,2,0.222222
Justice League Unlimited,78,60,18,0.230769
New Orleans Police Department,1,1,0,0
Netherworlders,2,1,1,0.5
Mole Men,2,2,0,0
Religion of Crime,23,16,7,0.304348
Satyrs,1,1,0,0
New Orleans Unified Guild,4,2,2,0.5
Oversight Watch,6,4,1,0.166667
Rangers,9,7,2,0.222222
AmerTek Industries,3,3,0,0
Menagerie of Rimthursar,6,4,2,0.333333
Punishment Squad,2,2,0,0
Force Family,1,0,1,1
Tempo Cadre,4,1,3,0.75
The League,5,5,0,0
Parademons,4,4,0,0
Bounty Crew,1,0,1,1
Children of Ares,4,3,1,0.25
Nelwyns,1,1,0,0
Sun Cult Leopards,1,1,0,0
The Creators,4,4,0,0
Fact Channel News,4,2,2,0.5
Red Squadron,4,4,0,0
Star Hunters,1,0,1,1
Xavier Institute,134,83,51,0.380597
The Colony,4,3,1,0.25
New Warriors,41,25,16,0.390244
The Warriors of the Thousand Galaxies,4,4,0,0
Paris Island Bloods,1,1,0,0
Shadow Collective,1,1,0,0
Shirai Ryu,5,4,1,0.2
Sandmen,1,1,0,0
Dead Dogs,3,2,1,0.333333
Dheronian,1,1,0,0
Star Brigade,1,1,0,0
Spectral Knights,7,6,1,0.142857
Tharks,1,1,0,0
Death Legion,2,1,1,0.5
Horusians ,2,1,0,0
Elements of Doom,18,8,0,0
P.R.I.D.E.,1,0,1,1
Followers of the Light,3,2,1,0.333333
Demons Three,3,2,0,0
Defense Advanced Research Projects Agency,1,0,1,1
Troyjans,3,3,0,0
C.R.U.S.H.,2,2,0,0
Pharegot,3,3,0,0
Metropolis Special Crimes Unit,8,5,3,0.375
The Electric Company,3,3,0,0
Flashmob,6,6,0,0
The Mandate,1,0,1,1
Daily Bugle,68,31,37,0.544118
Care Bears,14,2,3,0.214286
Sectaurs,12,9,3,0.25
Order of the Sacred Circle,1,0,1,1
The Five Symbiotes,5,3,2,0.4
Dawn of the White Light,10,9,1,0.1
W.H.I.S.P.E.R.,1,1,0,0
Secret Saturdays,6,4,2,0.333333
Maniaks,4,3,1,0.25
Fathom Five,5,2,2,0.4
The Paideia,8,7,1,0.125
Braak'nhüd,1,1,0,0
Mercury Team,9,7,2,0.222222
The Flaming Lips,1,0,1,1
Elder Gods,6,3,2,0.333333
The Chiss,1,1,0,0
Imperial Guard Training Academy,3,2,1,0.333333
Repli-Tech Industries,3,2,1,0.333333
The Monitors,10,8,2,0.2
Leather and Lace,2,0,2,1
Mutant Force,5,5,0,0
Timeless,1,0,0,0
Forgotten Heroes,15,12,3,0.2
Mandalorian Death Watch,1,1,0,0
World Army,17,15,2,0.117647
Terrible Trio,13,12,1,0.076923
United States Air Force,49,43,6,0.122449
Subterraneans,12,5,2,0.166667
Sangtee Empire,4,3,1,0.25
Teen Lantern Corps,2,1,1,0.5
Maggia,50,47,1,0.02
Black Canary,7,1,6,0.857143
The Newcastle Crew,1,1,0,0
Stark Industries,62,42,19,0.306452
Jihad,11,6,4,0.363636
Morani,1,1,0,0
Nightsisters,1,0,1,1
Mafia,37,33,3,0.081081
The Stompers,1,1,0,0
The Seven,3,2,1,0.333333
Amanin,1,1,0,0
Olio's Wake,7,5,2,0.285714
Rejects,4,3,1,0.25
Jumalat,1,0,1,1
Externals,11,8,3,0.272727
Little Boy Blue and the Blue Boys,2,1,1,0.5
Ultimate Six,6,6,0,0
Reptilians,1,0,1,1
Black Razor,11,8,3,0.272727
S.H.E. (Super-Heroes of Europe),12,7,5,0.416667
Weapon P.R.I.M.E.,7,6,1,0.142857
The Really Rottens,9,6,1,0.111111
Extreme Justice,10,6,4,0.4
Atlanteans,274,187,85,0.310219
The Triarch,3,2,1,0.333333
The Purple Children,1,1,0,0
Therapy Group B,7,4,3,0.428571
Soyuz,5,3,2,0.4
Intergalactic Coalition of Survivors,4,4,0,0
Alpha Squadron,8,4,4,0.5
F.E.A.S.T.,5,3,2,0.4
The Theocracy,2,2,0,0
Hulk Gang,10,9,1,0.1
Hardliners,1,0,0,0
Superman Revenge Squad,27,22,5,0.185185
Fenris,3,1,1,0.333333
Mossad,2,0,2,1
Thieves Guild,14,10,4,0.285714
Project: Rebirth,10,9,1,0.1
Assassin Droids,1,0,0,0
Inhumanoids,3,3,0,0
Confederacy of Independent Systems,7,4,2,0.285714
United States Army,226,205,20,0.088496
Black and Whites,3,3,0,0
The Agenda,8,6,2,0.25
Red Saturnians,3,3,0,0
Champions Of Xandar,10,9,1,0.1
The Scatter,1,1,0,0
Crazy Sues,16,16,0,0
Robots of Terror,6,6,0,0
Gnobians,1,1,0,0
Force,7,4,2,0.285714
Central City Police Department,13,9,4,0.307692
The Hairies,4,2,2,0.5
Inferior Five,6,5,1,0.166667
Black Novas,6,5,0,0
Los Angeles Police Department,5,5,0,0
The Un-Men,2,2,0,0
Battalion of Ambush Bugs,5,3,2,0.4
Elans,1,1,0,0
Worldkillers,4,0,3,0.75
Super-Skrulls,17,9,6,0.352941
Star-Hoppers of Aduba-3,4,4,0,0
Styx And Stone,2,2,0,0
Super Hydra Agents,4,4,0,0
Nightstalkers,5,4,1,0.2
Flying Trolls,1,0,1,1
Endless Knights,1,1,0,0
True People Tribe,3,3,0,0
Gentrifiers,2,2,0,0
G.E.I.S.T.,3,1,1,0.333333
Darwin Force,7,6,1,0.142857
Hell Hounds,2,2,0,0
Shock Troop,4,3,1,0.25
Aquilar Institute,2,1,1,0.5
Look-a-Like Squad,5,3,2,0.4
Sinister Six,43,39,3,0.069767
Nuclear Family,5,3,2,0.4
Red Martians,1,1,0,0
Elites,1,1,0,0
Desperados,3,2,1,0.333333
The Hip Hippos,2,1,1,0.5
Daughters of Acheron,2,0,2,1
Gimmick Gang,1,1,0,0
Throwbacks,2,1,1,0.5
Stormwatch Zero,6,4,2,0.333333
Gas Gang,6,6,0,0
Dark Room,2,0,2,1
The Bio-Predators,2,1,1,0.5
Team Carnage,6,5,1,0.166667
Great Society,6,4,2,0.333333
Power Elite,6,4,2,0.333333
The Light Brigade,22,17,4,0.181818
Trollans,1,1,0,0
The Circus of Strange,6,5,1,0.166667
Young Justice,17,11,5,0.294118
The New Corps,6,5,1,0.166667
White Rabbit Gang,1,0,1,1
Pax Americana,9,7,2,0.222222
Power Tools,3,3,0,0
Anti-Spider Squad,1,1,0,0
The Brain-Lords,4,1,0,0
United States Marshals Service,2,1,1,0.5
Satanna's Animal Army,3,2,1,0.333333
League of Assassins,74,51,23,0.310811
Dísir,4,0,4,1
Barriites,2,0,1,0.5
Legion of Super-Villains,47,39,8,0.170213
Genoshan Magistrates,15,11,4,0.266667
Anachronauts,18,15,3,0.166667
Assassins Guild,32,22,10,0.3125
Taurs,1,0,1,1
Overmind,4,2,2,0.5
Daughters of Sapna,1,0,1,1
Sisterhood of Badoon,1,0,1,1
South-Hell Crips,1,1,0,0
Plastic People,3,2,1,0.333333
The Exchange,4,3,1,0.25
Children of the Sun,1,0,1,1
Stark-Fujikawa,5,3,2,0.4
Inquisition,1,1,0,0
Darkling Lords,7,6,1,0.142857
Council of Spiders,9,6,3,0.333333
Time-Twisters,1,1,0,0
Starforce,9,5,2,0.222222
S.I.L.E.N.T,1,1,0,0
Plodex,2,0,2,1
Creature Commandos,16,13,3,0.1875
Crazy Gang,10,7,1,0.1
Diablo,3,2,0,0
Shadow-Captains,3,1,2,0.666667
Pterorists,1,1,0,0
Mystikos Sect,4,3,1,0.25
The Authority,12,5,7,0.583333
Luphomoids,4,2,2,0.5
Extreme Emergency Team,6,4,2,0.333333
The Loonies,6,3,0,0
Magnetic North,1,1,0,0
Mighty Mystics,4,4,0,0
Special Air Service,1,1,0,0
The Crimson Men,4,3,1,0.25
The Seekers,5,4,1,0.2
Trigger Twins,4,4,0,0
Double Dare,2,0,2,1
Mutant Liberation Front,29,15,13,0.448276
Pirates,14,14,0,0
Cybertrons,3,0,0,0
WebCorps,4,3,1,0.25
Iron Trinity,3,3,0,0
Apocalypse Twins,2,1,1,0.5
O.G.R.E.,5,4,1,0.2
Army of Brides,1,0,1,1
Cyber-Sidhe,1,1,0,0
Boy Commandos,7,7,0,0
Red Lantern Corps,49,34,12,0.244898
Gamma Flight,9,4,5,0.555556
R.E.C.R.U.I.T.S.,8,5,3,0.375
Cult of Death,1,1,0,0
Super Intelligent Gorillas,13,11,2,0.153846
Legion of Doom,76,56,19,0.25
Mean Machine,4,4,0,0
Femizons,49,0,49,1
5th Dimensional Imps,15,12,3,0.2
The Fellowship,3,2,1,0.333333
The Centurions,3,2,1,0.333333
Brooklyn Avengers,8,4,3,0.375
Sunset Riders,4,4,0,0
Justice Guild,4,2,2,0.5
Boundsmen,2,2,0,0
Secret Six,40,25,15,0.375
Black Cats,5,0,5,1
Madmen,1,1,0,0
501st Legion,1,1,0,0
Freedom Fighters,34,27,6,0.176471
S.H.I.E.L.D. Robot Hunter Squad,2,0,2,1
The 1000,13,11,2,0.153846
Fin Fang Four,4,4,0,0
Slate Gang,4,2,2,0.5
Nanobots,1,0,0,0
BIOTEK,1,1,0,0
Galactons,3,0,3,1
Elasians,1,0,1,1
Last Line,5,4,1,0.2
Nosferatu Sect,1,1,0,0
Strongmen of America,2,0,0,0
Great Lakes Avengers,16,10,6,0.375
Black Spectre,6,4,2,0.333333
COBRA,8,8,0,0
Legion of the Living Lightning,3,3,0,0
The Realm Marvel,4,3,1,0.25
Defenders,140,108,31,0.221429
Conspiracy,7,6,0,0
Mad Squad,3,1,1,0.333333
Golems,6,4,0,0
The Cooperative,1,1,0,0
Serpent Society,23,14,9,0.391304
Outlaw Avengers,48,28,20,0.416667
Eugenix,4,2,2,0.5
Tong of Creel,4,4,0,0
League of Batgirls,4,0,4,1
Parliament of Decay,1,0,1,1
Frost Family,14,4,10,0.714286
The Blood,9,3,5,0.555556
North-Hell Bloods,2,2,0,0
Promethean Giants,2,2,0,0
Zen-Whoberi,1,0,1,1
United Alliance of Evil,7,5,0,0
Aberrant Six,6,5,1,0.166667
Heroes For Hire,43,26,17,0.395349
Covenant,1,1,0,0
Project Metamerican,4,3,1,0.25
Dancers of Zath,1,1,0,0
Elite Design Consultants,5,4,1,0.2
the Great Old Ones,2,0,0,0
Karnans,2,1,1,0.5
The Daughters of Atalanta,2,0,2,1
Stronghold Guards,1,1,0,0
Baluurians,4,4,0,0
Fantastic Force,13,8,5,0.384615
Rajaks,1,1,0,0
Mindless Ones,2,0,0,0
Ghosts of Cyclops,6,4,2,0.333333
Lin Kuei,4,3,1,0.25
Young Gods,14,7,7,0.5
Avians,5,3,2,0.4
Dracula's Legion,7,3,3,0.428571
Cell Six,1,1,0,0
Quorum,5,3,2,0.4
Giant Dalmatian Dogs,1,1,0,0
Howling Commandos,18,16,2,0.111111
Superboy and the Ravers,13,7,5,0.384615
The Clinic,19,16,3,0.157895
Leviathan,24,16,8,0.333333
Query and Echo,2,0,2,1
Witches,3,0,3,1
The Insurgents,1,0,1,1
Chess Set,5,4,1,0.2
Heroes,3,1,2,0.666667
Infinity War Doppelgangers,8,6,0,0
Lady Liberators,30,0,30,1
The Garrison,2,2,0,0
Snake Men,6,6,0,0
Darwin's Martyrs,4,4,0,0
Secret Avengers,29,21,8,0.275862
Arcane Order Of The Night,2,2,0,0
The Dubelz,2,2,0,0
Whirldemons,1,1,0,0
D/Monix,3,3,0,0
Graveyard Faction,4,2,2,0.5
HYDRA,151,111,37,0.245033
The Earth-Lords,1,1,0,0
Fomorians,2,1,0,0
Graxonites,6,3,3,0.5
L.E.G.I.O.N.,35,21,13,0.371429
Effigy Corps,3,1,2,0.666667
Sapien League,2,0,2,1
Hutts,1,1,0,0
Krenons,2,2,0,0
Legion of The Skull,17,13,4,0.235294
"Injustice, Unlimited",9,6,3,0.333333
Exterminators,6,6,0,0
Body Doubles,2,0,2,1
Bounty Hunter's Guild,8,5,2,0.25
Hulk-Hunters,3,2,0,0
Ewoks,5,4,1,0.2
Sovereign Seven,9,3,6,0.666667
House Diamond,6,6,0,0
Emissaries Of Evil,13,13,0,0
Galactic Republic,9,9,0,0
Gene Nation,25,18,7,0.28
Knights of Banner,2,2,0,0
Injustice League 3000,5,4,1,0.2
Illuminati,30,23,7,0.233333
Hallas,1,0,1,1
Guardians of the Galaxy,52,34,17,0.326923
Shao Kahn's Army,17,12,5,0.294118
Brotherhood of Injustice,3,2,1,0.333333
Black Dragon Death Squad,5,4,1,0.2
Blackhawk Squadron,22,18,4,0.181818
